file,key,ar,en,es,ja
ai.ts,heroSection.title.0.type,span,text,text,text
ai.ts,heroSection.title.0.text,"Virufy ","The science behind ","La Ciencia detrás de ","科学的根拠に基づく "
ai.ts,heroSection.title.1.type,text,span,span,span
ai.ts,heroSection.title.1.text,"العلم وراء ",Virufy,Virufy,Virufy
ai.ts,heroSection.text,الذكاء الاصطناعي قادر على اكتشاف الفروقات الدقيقة في أنماط الصوت للكشف عن وجود الأمراض.,Artificial Intelligence (AI) is capable of detecting minute differences in vocal patterns to detect disease presence.,La Inteligencia Artificial (IA) es capaz de detectar diferencias mínimas en los patrones vocales para detectar la presencia de enfermedades.,人工知能（AI）は、声のパターンの微小な違いを検出して、病気の存在を検知する能力があります。
ai.ts,heroSection.url,/publications,/publications,/publications,/publications
ai.ts,heroSection.linkText,أبحاثنا,Our Research,Vea nuestra Investigación,私たちの研究
ai.ts,aiSection.title,كيف يعمل الذكاء الاصطناعي؟,How does AI work?,¿Cómo funciona la Inteligencia Artificial (IA)?,AIはどのように機能するのか？
ai.ts,aiSection.aiCards.0.title,01,01,01,01
ai.ts,aiSection.aiCards.0.text,تستخدم تطبيقنا الرائد تقنية الذكاء الاصطناعي المتطورة لتحليل أنماط التنفس باستخدام خوارزميات التعلم العميق وتقنيات معالجة الإشارات الصوتية.,Our groundbreaking app employs cutting-edge AI technology to analyze your breathing patterns using deep learning algorithms and audio signal processing techniques.,"Nuestra revolucionaria aplicación CoughCheck emplea tecnología de inteligencia artificial de vanguardia. Con solo toser en su teléfono, nuestra aplicación captura y analiza distintos patrones de tos utilizando sofisticados algoritmos de aprendizaje automático y redes neuronales.",私たちの画期的なアプリは、ディープラーニングアルゴリズムと音声信号処理技術を使用して、呼吸パターンを分析する最先端のAI技術を活用しています。
ai.ts,aiSection.aiCards.0.style,tracking-widest text-[2.5rem] sm:text-6xl,tracking-widest text-[2.5rem] sm:text-6xl,tracking-widest,tracking-widest text-[2.5rem] sm:text-6xl
ai.ts,aiSection.aiCards.1.title,02,02,02,02
ai.ts,aiSection.aiCards.1.text,تقوم الخوارزمية بفحص العناصر المختلفة للسعال، مثل المدة والتكرار ودرجة الصوت. ومن خلال الاستفادة من قاعدة بيانات شاملة، يقارن الذكاء الاصطناعي بدقة أنماط السعال المسجلة مع المؤشرات المعروفة لأمراض الجهاز التنفسي، مما يسمح بالكشف المبكر عن المشكلات الصحية المحتملة.,"The algorithm scrutinizes various elements of the cough, such as duration, frequency, and pitch. Leveraging a comprehensive database, the AI meticulously compares recorded cough patterns against known indicators of respiratory diseases, allowing for the early detection of potential health issues.","El algoritmo examina varios elementos de la tos, como la duración, la frecuencia y la intensidad. Aprovechando una base de datos completa, AI compara meticulosamente los patrones de tos registrados con indicadores conocidos de enfermedades respiratorias, lo que permite la detección temprana de posibles problemas de salud.",AIは、咳の持続時間、頻度、音程など、さまざまな要素を精査します。包括的なデータベースを利用して、記録された咳のパターンを呼吸器疾患の既存の指標と慎重に比較し、潜在的な健康問題の早期発見を可能にします。
ai.ts,aiSection.aiCards.1.style,text-[2.5rem] sm:text-6xl,text-[2.5rem] sm:text-6xl,text-[2.5rem] sm:text-6xl,text-[2.5rem] sm:text-6xl
amilsStory.ts,sectionAmil.titleAmil,قصة أميل,Amil’s Story,Historia de Amil,アミルのストーリー
amilsStory.ts,sectionAmil.textAmil.0,وُلد أميل ونشأ في وادي السيليكون ضمن عائلة مهاجرة، حيث تلقى التعليم في المنزل وبدأ الدراسة في الكلية المجتمعية وهو في الرابعة عشرة من عمره. تأثر أميل بتفاني والده في الخدمة الاجتماعية، وقضى طفولته في أنشطة تطوعية مثل إطعام المشردين في مطابخ الطعام. بعد ذلك بفترة وجيزة، توفي والد أميل في حادث سيارة مأساوي بسبب سائق مخمور. وعلى الرغم من الصراع العاطفي مع فقدان بطله، حصل أميل على أول وظيفة له كمستشار برمجيات يعمل على تطوير تقنية التعرف على الصور للتصحيح التلقائي للاختبارات في مدارس K-12.,"Born and raised in the Silicon Valley in an immigrant family, Amil attended homeschooling and began studying at community college while 14 years old. Amil father's dedication to social service shaped him, with a childhood filled with volunteer activities such as feeding the homeless at soup kitchens. Soon after, Amil's father passed away in a fatal car crash with a drunk driver. Although struggling emotionally with the loss of his hero, Amil took his first job as a software consultant developing image recognition technology for automated grading of tests in K-12 schools.","Amil nació y creció en Silicon Valley en una familia inmigrante. Fue educado en casa y comenzó a estudiar en un colegio comunitario a los 14 años. La dedicación de su padre al servicio social lo marcó profundamente, con una infancia llena de actividades de voluntariado como alimentar a personas sin hogar en comedores comunitarios. Poco después, el padre de Amil falleció en un accidente automovilístico provocado por un conductor ebrio. Aunque sufrió emocionalmente por la pérdida de su héroe, Amil consiguió su primer trabajo como consultor de software desarrollando tecnología de reconocimiento de imágenes para la calificación automatizada de exámenes en escuelas de nivel K-12.",移民家庭でシリコンバレーに生まれ育ったアミルは、ホームスクーリングを受け、14歳でコミュニティカレッジでの学びを始めました。アミルの父は社会奉仕に尽力しており、彼はホームレスに食事を提供するスープキッチンでのボランティア活動などに参加しながら育ちました。ほどなくして、アミルの父は飲酒運転の車との交通事故で亡くなりました。英雄を失った悲しみを乗り越えながら、アミルはK-12の学校でテストの自動採点技術を開発するソフトウェアコンサルタントとして初めての仕事を手にしました。
amilsStory.ts,sectionAmil.textAmil.1,بعد حصوله على درجة البكالوريوس في علوم الكمبيوتر من جامعة كاليفورنيا في بيركلي، انضم أميل إلى شركة هيوليت باكارد (HP) في وادي السيليكون للعمل بدوام كامل كمهندس برمجيات يطور برامج توحيد سجلات الأمان لنظام إدارة معلومات وأمن الأمان (SIEM) الخاص بـ ArcSight.,"After receiving his B.A. in Computer Science from University of California, Berkeley, Amil joined Hewlett-Packard (HP) in Silicon Valley to work full-time as a software engineer developing security log standardization software for ArcSight, a Security Information and Event Management System (SIEM).","Después de obtener su licenciatura en Ciencias de la Computación en la Universidad de California, Berkeley, Amil se unió a Hewlett-Packard (HP) en Silicon Valley para trabajar a tiempo completo como ingeniero de software desarrollando software de estandarización de registros de seguridad para ArcSight, un sistema de gestión de información y eventos de seguridad (SIEM).",カリフォルニア大学バークレー校でコンピュータサイエンスの学士号を取得後、アミルはシリコンバレーのヒューレット・パッカード（HP）にフルタイムのソフトウェアエンジニアとして入社し、ArcSight（セキュリティ情報とイベント管理システム：SIEM）のためのセキュリティログ標準化ソフトウェアを開発しました。
amilsStory.ts,sectionAmil.textAmil.2,بحثًا عن منزل جديد، انتقل أميل إلى المقر الرئيسي لشركة HP في طوكيو لتولي دور مستشار للأمن السيبراني، حيث سافر عبر هونغ كونغ وطوكيو وأستراليا لنشر حلول SIEM في مواقع العملاء في صناعة البنوك.,"Seeking a new home, Amil transferred to HP’s Tokyo headquarters to take on a role as cybersecurity consultant, in which he traveled across Hong Kong, Tokyo, and Australia to deploy SIEM solutions at customer sites in the banking industry.","En busca de un nuevo hogar, Amil se trasladó a la sede de HP en Tokio para desempeñarse como consultor de ciberseguridad, lo que lo llevó a viajar por Hong Kong, Tokio y Australia para implementar soluciones SIEM en sitios de clientes del sector bancario.",新たな拠点を求めて、アミルはHPの東京本社に転勤し、サイバーセキュリティコンサルタントとして銀行業界の顧客サイトにSIEMソリューションを展開するため、香港、東京、オーストラリアを飛び回りました。
amilsStory.ts,sectionAmil.textAmil.3,بعد ذلك، عاد أميل إلى وادي السيليكون للانضمام إلى شركة Pivotal Software كمهندس برمجيات يعمل بشكل رئيسي على قاعدة بيانات Greenplum OLAP المفتوحة المصدر المستندة إلى Postgres. في بيئة البرمجة المتطرفة (XP) الخاصة بـ Pivotal، مارس أميل عدة ممارسات لتطوير البرمجيات، بما في ذلك البرمجة الزوجية اليومية، وتطوير البرمجيات المدفوع بالاختبارات (TDD)، والاجتماعات الرجعية الأسبوعية، مع التناوب عبر عدة فرق، بما في ذلك DevOps وخلفية قاعدة البيانات وأدوات إدارة عبء العمل.,"Thereafter, Amil returned to Silicon Valley to join Pivotal Software as a software engineer working primarily on the Postgres-based open source Greenplum OLAP database. In Pivotal’s extreme programming (XP) environment, Amil practiced several software development practices, including daily pair programming, test-driven development (TDD), and weekly retroactive meetings, while rotating across several teams, including DevOps, database backend, and workload management tooling.","Posteriormente, Amil regresó a Silicon Valley para unirse a Pivotal Software como ingeniero de software, trabajando principalmente en la base de datos OLAP de código abierto Greenplum, basada en Postgres. En el entorno de programación extrema (XP) de Pivotal, Amil practicó diversas metodologías de desarrollo de software, incluyendo programación en parejas diaria, desarrollo guiado por pruebas (TDD) y reuniones semanales de retroalimentación, rotando entre distintos equipos, incluyendo DevOps, backend de base de datos y herramientas de gestión de cargas de trabajo.",その後、アミルはシリコンバレーに戻り、主にPostgresベースのオープンソースOLAPデータベースであるGreenplumに携わるソフトウェアエンジニアとしてPivotal Softwareに参加しました。Pivotalのエクストリームプログラミング（XP）環境では、アミルは日々のペアプログラミング、テスト駆動開発（TDD）、毎週の振り返りミーティングなど、さまざまなソフトウェア開発の実践を行い、DevOps、データベースバックエンド、ワークロード管理ツールを含む複数のチームをローテーションしました。
amilsStory.ts,sectionAmil.textAmil.4,في عام 2018، أخذ أميل إجازة من العمل للانتقال إلى الريف الياباني. عاش في بلدة إيهيجي، مسقط رأس زن سوتو، حيث كان يتأمل يوميًا ويتعلم فلسفة زن، بينما يساهم في تعليم البرمجة المرنة للشباب والأطفال. وسرعان ما تم تعيين أميل سفير التطور للمدينة وتم إرساله إلى مؤتمر One Young World في هولندا لتمثيل اليابان بين قادة الشباب المؤثرين اجتماعيًا ورؤساء الدول وحائزين على جائزة نوبل من 195 دولة.,"In 2018, Amil took leave from work to move to the countryside of Japan. Living in Eiheiji town, the birthplace of Soto Zen, Amil meditated daily and learned Zen philosophy, while giving back teaching agile programming to young adults and children. Soon, Amil was appointed Evolution Ambassador of the town and sent to the One Young World conference in the Netherlands to represent Japan, amongst other young social impact leaders, country heads, and Nobel Laureates from 195 countries.","En 2018, Amil tomó una pausa laboral para mudarse al campo de Japón. Viviendo en el pueblo de Eiheiji, lugar de origen del Zen Soto, Amil meditaba diariamente y aprendía filosofía Zen, mientras retribuía enseñando programación ágil a jóvenes y niños. Pronto, fue nombrado Embajador de la Evolución del pueblo y enviado a la conferencia One Young World en los Países Bajos para representar a Japón, junto a otros jóvenes líderes de impacto social, jefes de Estado y laureados con el Premio Nobel de 195 países.",2018年、アミルは日本の田舎に移住するために仕事を休みました。曹洞宗の発祥地である永平寺町に住み、毎日瞑想を行い禅哲学を学びながら、若者や子供たちにアジャイルプログラミングを教えて社会貢献しました。やがてアミルは町のエボリューションアンバサダーに任命され、オランダで開催されたOne Young Worldカンファレンスに、日本を代表して他の若い社会的影響力を持つリーダーや195カ国の国の代表、ノーベル賞受賞者たちとともに参加しました。
amilsStory.ts,sectionAmil.textAmil.5,في أواخر عام 2019، ترك أميل وظيفته لمتابعة الدراسات العليا في الذكاء الاصطناعي بجامعة ستانفورد، حيث أخذ أولى دوراته مع مؤسس Coursera الدكتور أندرو نغ ومبتكرة ImageNet الدكتورة فاي فاي لي. عندما ضربت الجائحة، كرس أميل نفسه لجهود الإغاثة من الجائحة وسرعان ما أسس Virufy.,"In late 2019, Amil left his job to pursue graduate studies in Artificial Intelligence at Stanford University, taking his first courses with Coursera founder Dr. Andrew Ng and ImageNet creator Dr. Fei-Fei Li. When the pandemic hit, Amil committed himself to pandemic relief efforts and soon founded Virufy.","A finales de 2019, Amil dejó su trabajo para cursar estudios de posgrado en Inteligencia Artificial en la Universidad de Stanford, donde tomó sus primeros cursos con el fundador de Coursera, el Dr. Andrew Ng, y la creadora de ImageNet, la Dra. Fei-Fei Li. Cuando comenzó la pandemia, Amil se dedicó a los esfuerzos de ayuda y pronto fundó Virufy.",2019年末、アミルはスタンフォード大学で人工知能の大学院研究を追求するために仕事を辞め、Courseraの創設者アンドリュー・ン博士やImageNetの創設者であるフェイフェイ・リー博士の下で最初の授業を受けました。パンデミックが発生すると、アミルはパンデミック救済活動に専念し、間もなくVirufyを設立しました。
amilsStory.ts,sectionAmil.textAmil.6,Virufy هي منظمة غير ربحية تطور تطبيقًا للهواتف الذكية لفحص COVID-19 على الفور من خلال تحليل مدعوم بالذكاء الاصطناعي لتسجيلات الصوت والسعال. اعتبارًا من يوليو 2024، تعمل المنظمة في ثلاث قارات مع أكثر من 250 متطوعًا و60 منظمة شريكة.,"Virufy is a nonprofit organization developing a smartphone app to prescreen for COVID-19 instantly through AI-powered analysis of voice and cough recordings. As of July 2024, the organization operates in a three continents with more than 250 volunteers and 60 partner organizations.","Virufy es una organización sin fines de lucro que desarrolla una aplicación móvil para preevaluar instantáneamente el COVID-19 mediante el análisis con inteligencia artificial de grabaciones de voz y tos. En julio de 2024, la organización opera en tres continentes con más de 250 voluntarios y 60 organizaciones asociadas.",Virufyは、声や咳の録音をAIで分析し、COVID-19を即座にスクリーニングするスマートフォンアプリを開発している非営利団体です。2024年7月現在、この団体は3つの大陸で運営されており、250人以上のボランティアと60のパートナー組織が関与しています。
amilsStory.ts,sectionAmil.titlePublications,منشورات أميل,Amil’s Publications,Publicaciones de Amil,アミルの出版物
amilsStory.ts,sectionAmil.listPublications.0,2022. استخدام التعلم العميق مع مجموعات البيانات المجمعة الكبيرة لتصنيف COVID-19 من السعال. arXiv: 2201.01669,2022. Using Deep Learning with Large Aggregated Datasets for COVID-19 Classification from Cough. arXiv: 2201.01669,2022. Uso de aprendizaje profundo con grandes conjuntos de datos agregados para la clasificación de COVID-19 a partir de la tos. arXiv: 2201.01669,2022年. COVID-19の分類における大規模集約データセットを使用したディープラーニングの利用. arXiv: 2201.01669
amilsStory.ts,sectionAmil.listPublications.1,2021. استخدام حاسبة COVID-19 جديدة لقياس التأثير الاجتماعي والاقتصادي الإيجابي لحل فحص COVID-19 (AI/ML) في الولايات المتحدة. arXiv: 2201.11109,2021. Using a Novel COVID-19 Calculator to Measure Positive U.S. Socio-Economic Impact of a COVID-19 Pre-Screening Solution (AI/ML). arXiv: 2201.11109,2021. Uso de una calculadora novedosa de COVID-19 para medir el impacto socioeconómico positivo en EE. UU. de una solución de preevaluación de COVID-19 (IA/AA). arXiv: 2201.11109,2021年. 新しいCOVID-19計算機を使用した、COVID-19事前スクリーニングソリューション（AI/ML）の米国の社会経済的影響の測定. arXiv: 2201.11109
amilsStory.ts,sectionAmil.listPublications.2,2020. Virufy: القابلية العالمية للكشف عن COVID-19 من تسجيلات السعال باستخدام الذكاء الاصطناعي. arXiv: 2011.13320,2020. Virufy: Global Applicability of AI Detection for COVID-19 from Cough Recordings. arXiv: 2011.13320,2020. Virufy: Aplicabilidad global de la detección de COVID-19 mediante IA a partir de grabaciones de tos. arXiv: 2011.13320,2020年. Virufy: 咳の録音からCOVID-19を検出するAIのグローバルな適用性. arXiv: 2011.13320
amilsStory.ts,sectionAmil.listPublications.3,2020. Fusical: الدمج متعدد الوسائط للمشاعر في الفيديو. ACM ICMI; DOI: 3382507.3417966,2020. Fusical: Multimodal Fusion for Video Sentiment. ACM ICMI; DOI: 3382507.3417966,2020. Fusical: Fusión multimodal para análisis de sentimientos en video. ACM ICMI; DOI: 3382507.3417966,2020年. Fusical: マルチモーダル融合によるビデオ感情分析. ACM ICMI; DOI: 3382507.3417966
amilsStory.ts,sectionAmil.listPublications.4,2020. التعرف على تعبيرات الوجه باستخدام التعلم العميق. arXiv: 2004.11823,2020. Facial Expression Recognition with Deep Learning. arXiv: 2004.11823,2020. Reconocimiento de expresiones faciales con aprendizaje profundo. arXiv: 2004.11823,2020年. ディープラーニングによる表情認識. arXiv: 2004.11823
cookiemodal.ts,text,"نصل إلى معلومات غير حساسة من جهازك ونخزنها، مثل ملفات تعريف الارتباط أو مُعرّف الجهاز الفريد، ونعالج البيانات الشخصية، مثل نحن نصل إلى المعلومات غير الحساسة ونخزنها من جهازك، مثل ملفات تعريف الارتباط أو معرف الجهاز الفريد، ونعالج البيانات الشخصية مثل عناوين IP لأغراض التحليل. يمكنك إلغاء الاشتراك في معالجة البيانات التي ليست ضرورية للوظيفة الأساسية لهذا الموقع من خلال النقر على ""رفض وإغلاق"" في هذه النافذة.","We access and store non-sensitive information from your device, like cookies or a unique device identifier, and process personal data like IP addresses for analytics purposes. You may opt out of data processing that isn’t essential to the core functionality of this site by clicking on “Decline and close” on this window.","Accedemos y almacenamos información no confidencial desde su dispositivo, como cookies o un identificador único de dispositivo, y procesamos datos personales como direcciones IP con fines analíticos. Puede optar por no participar en el procesamiento de datos que no sea esencial para la funcionalidad principal de este sitio haciendo clic en ""Rechazar y cerrar"" en esta ventana.",当社は、Cookie や固有のデバイス識別子などの非機密情報にアクセスしてデバイスから保存し、分析目的で IP アドレスなどの個人データを処理します。このウィンドウの「拒否して閉じる」をクリックすると、このサイトの中核機能に必須ではないデータ処理をオプトアウトできます。
cookiemodal.ts,yes,قبول وإغلاق,Accept and close,Aceptar y cerrar,受け入れて閉じる
cookiemodal.ts,no,رفض وإغلاق,Decline and close,Rechazar y cerrar,拒否して閉じる
footer.ts,cookiePolicy.title,سياسة الكوكيز,Cookie Policy,Política de Cookies,Cookie設定
footer.ts,cookiePolicy.body.0.question,عام,General,Preguntas generales,概要
footer.ts,cookiePolicy.body.0.answer.0.type,paragraph,paragraph,paragraph,paragraph
footer.ts,cookiePolicy.body.0.answer.0.content.0.type,text,text,text,text
footer.ts,cookiePolicy.body.0.answer.0.content.0.text,"تأسيس الكشف عن كوفيد (""فيروسفي""، ""نحن""، ""نا""، أو ""خاصتنا"")، مؤسسة غير ربحية في كاليفورنيا تقع في 4546، إل كامينو ريال، B10 #614، لوس ألتوس، الرمز البريدي 94022، الولايات المتحدة الأمريكية، تحترم خصوصيتك وهي ملتزمة بمعالجة معلوماتك الشخصية وفقًا للقانون. تشرح هذه السياسة (""السياسة"") كيفية استخدام فيروسفي للكوكيز والتقنيات المماثلة لمعالجة المعلومات الشخصية التي تقدمها لنا عندما تزور موقعنا الإلكتروني (www.virufy.org) (""الموقع الإلكتروني"") أو تشارك في استبيارنا البحثي من أجل تجميع مجموعة بيانات ضرورية لتطوير خوارزميات الذكاء الاصطناعي (AI) للكشف عن كوفيد-19 باستخدام الأجهزة.","The Covid Detection Foundation (“Virufy”, “we”, “us” or “our”), a California nonprofit corporation located at 4546, El Camino Real, B10 #614, Los Altos, código postal 94022, United States of America respects your privacy and is committed to processing your personal information in accordance with the law. This Cookie Policy (“Policy”) explains how Virufy uses cookies and similar technologies to process your personal information that you provide to us when you visit our website (www.virufy.org) (“Website”) or participate in our research survey for the compilation of a dataset needed for the development of artificial intelligence (AI) algorithms for device-based COVID-19 detection.","La Fundación para la Detección del Covid (“Virufy”, “nosotros” o “nuestro”), una corporación sin fines de lucro de California ubicada en 4546, El Camino Real, B10 #614, Los Altos, código postal 94022, Estados Unidos de América, respeta tu privacidad y se compromete a procesar tu información personal de acuerdo con la ley. Esta Política de Cookies (“Política”) explica cómo Virufy utiliza cookies y tecnologías similares para procesar tu información personal que nos proporcionas cuando visitas nuestro sitio web (www.virufy.org) (“Sitio web”) o participas en nuestra encuesta de investigación para la compilación de un conjunto de datos necesario para el desarrollo de algoritmos de inteligencia artificial (IA) para la detección de COVID-19 basada en dispositivos.","カリフォルニア州非営利法人であるVirufyはコロナウイルス検出社会事業団体（当社）であり、以下の住所に所在しています。4546, El Camino Real, B10 #614, Los Altos, 94022, United States of America. 当社は、お客様のプライバシーを尊重しており、お客様が当社のウェブサイト（www.virufy.org）を訪問された際、人工知能（AI）アルゴリズムを使用した端末ベースのコロナウイルス検出開発に必要なデータセット作成のための研究調査にご参加いただいた際に提供する個人情報を法令に従って処理することに尽力しています。"
footer.ts,cookiePolicy.body.0.answer.1.type,paragraph,paragraph,paragraph,paragraph
footer.ts,cookiePolicy.body.0.answer.1.content.0.type,text,text,text,text
footer.ts,cookiePolicy.body.0.answer.1.content.0.text,بالنسبة للمستخدمين في:,For users located in:,Para usuarios ubicados en:,にお住まいのユーザー様へ:
footer.ts,cookiePolicy.body.0.answer.2.type,list,list,list,list
footer.ts,cookiePolicy.body.0.answer.2.content.0.type,bold,bold,bold,bold
footer.ts,cookiePolicy.body.0.answer.2.content.0.text,أوروبا,Europe,Europa,ヨーロッパ
footer.ts,cookiePolicy.body.0.answer.2.content.1.type,text,text,text,text
footer.ts,cookiePolicy.body.0.answer.2.content.1.text,": سيتم التعامل مع هذه السياسة وفقًا للمقدمة 30 من اللائحة العامة لحماية البيانات الأوروبية 2016/679 (الـ ""GDPR"").",: This cookie policy will be treated under Recital 30 of the European General Data Protection Regulation 2016/679 (the “GDPR”).,: Esta política de cookies será tratada bajo el Considerando 30 del Reglamento General de Protección de Datos 2016/679 de la Unión Europea (el “GDPR”).,: 本クッキーポリシーは、EU一般データ保護規則2016/679（以下「GDPR」）の第30条の規定に基づいて取り扱われます。
footer.ts,cookiePolicy.body.0.answer.3.type,list,list,list,list
footer.ts,cookiePolicy.body.0.answer.3.content.0.type,bold,bold,bold,bold
footer.ts,cookiePolicy.body.0.answer.3.content.0.text,إسبانيا,Spain,España,スペイン
footer.ts,cookiePolicy.body.0.answer.3.content.1.type,text,text,text,text
footer.ts,cookiePolicy.body.0.answer.3.content.1.text,": سيتم التعامل مع هذه السياسة وفقًا للمقدمة 30 من اللائحة العامة لحماية البيانات الأوروبية 2016/679 (الـ ""GDPR"") ووفقًا للمادة 22 من القانون 34/2002، المؤرخ 11 يوليو، بشأن خدمات المجتمع المعلوماتي والتجارة الإلكترونية (LSSICE).",": This cookie policy will be treated under Recital 30 of the European General Data Protection Regulation 2016/679 (the “GDPR”) and under Article 22 of Law 34/2002, of July 11, on information society services and electronic commerce (LSSICE).",": Esta política de cookies será tratada bajo el Considerando 30 del Reglamento General de Protección de Datos 2016/679 de la Unión Europea (el “GDPR”) y bajo el Artículo 22 de la Ley 34/2002, de 11 de julio, de servicios de la sociedad de la información y de comercio electrónico (LSSICE).",": 本クッキーポリシーは、EU一般データ保護規則2016/679（以下""GDPR""）の第30条の規定、および情報社会サービスおよび電子商取引（LSSICE）に関する法律2002年7月11日, 34/2002号（LSSICE）第22条の規定に基づいて取り扱われます。"
footer.ts,cookiePolicy.body.0.answer.4.type,list,list,list,list
footer.ts,cookiePolicy.body.0.answer.4.content.0.type,bold,bold,bold,bold
footer.ts,cookiePolicy.body.0.answer.4.content.0.text,الأرجنتين,Argentina,Argentina,アルゼンチン
footer.ts,cookiePolicy.body.0.answer.4.content.1.type,text,text,text,text
footer.ts,cookiePolicy.body.0.answer.4.content.1.text,: سيتم التعامل مع هذه السياسة وفقًا للقانون الأرجنتيني 25.326 بشأن حماية البيانات الشخصية.,: This cookie policy will be treated under Argentinian Law 25.326 on Protection of Personal Data.,: Esta política de cookies será tratada bajo la Ley Argentina 25.326 de Protección de Datos Personales.,: 本クッキーポリシーは、個人情報の保護に関する、アルゼンチン法律第25.326号に基づいて取り扱われます。
footer.ts,cookiePolicy.body.0.answer.5.type,list,list,list,list
footer.ts,cookiePolicy.body.0.answer.5.content.0.type,bold,bold,bold,bold
footer.ts,cookiePolicy.body.0.answer.5.content.0.text,البرازيل,Brazil,Brazil,ブラジル
footer.ts,cookiePolicy.body.0.answer.5.content.1.type,text,text,text,text
footer.ts,cookiePolicy.body.0.answer.5.content.1.text,": سيتم التعامل مع هذه السياسة وفقًا للقانون العام لحماية البيانات الشخصية، الرقم 13.709 / 2018 في البرازيل (الـ ""LGPD"").",": This cookie policy will be treated under the General Personal Data Protection Law, number 13.709 / 2018 of Brazil (the “LGPD”).",": Esta política de cookies será tratada bajo la Ley General de Protección de Datos Personales, número 13.709 / 2018 de Brasil (la “LGPD”).",: 本クッキーポリシーは、個人情報の保護に関する、ブラジルの保護法、2018年法律第13.709号（以下、”LGPD”）に基づいて取り扱われます。
footer.ts,cookiePolicy.body.0.answer.6.type,list,list,list,list
footer.ts,cookiePolicy.body.0.answer.6.content.0.type,bold,bold,bold,bold
footer.ts,cookiePolicy.body.0.answer.6.content.0.text,كولومبيا,Colombia,Colombia,コロンビア
footer.ts,cookiePolicy.body.0.answer.6.content.1.type,text,text,text,text
footer.ts,cookiePolicy.body.0.answer.6.content.1.text,: سيتم التعامل مع هذه السياسة وفقًا للقانون الكولومبي 1581 لعام 2012.,: This cookie policy will be treated under Colombian law 1581 of 2012.,: Esta política de cookies será tratada bajo la Ley Colombiana 1581 de 2012.,: このクッキーポリシーは、コロンビアの法律1581号 (2012 年制定) に基づき取り扱われます。
footer.ts,cookiePolicy.body.0.answer.7.type,list,list,list,list
footer.ts,cookiePolicy.body.0.answer.7.content.0.type,bold,bold,bold,bold
footer.ts,cookiePolicy.body.0.answer.7.content.0.text,الولايات المتحدة المكسيكية,United Mexican States,Estados Unidos Mexicanos,メキシコ合衆国
footer.ts,cookiePolicy.body.0.answer.7.content.1.type,text,text,text,text
footer.ts,cookiePolicy.body.0.answer.7.content.1.text,": سيتم اعتبار هذه السياسة جزءًا من إشعار الخصوصية الخاص بـ فيروسفي وسيتم التعامل معها وفقًا للقانون الفيدرالي لحماية البيانات الشخصية التي تحتفظ بها الأطراف الخاصة. في كل مرة يتم فيها الإشارة إلى ""سياسة الخصوصية"" في هذه الوثيقة، يتم فهم مصطلح ""إشعار الخصوصية"" على أنه مرادف.",": This cookie policy will be considered part of the Virufy Privacy Notice and will be treated under the Federal Law on Protection of Personal Data Held by Private Parties. Whenever reference is made to “Privacy Policy” in the present, the term “Privacy Notice” is understood interchangeably.",": Esta política de cookies se considerará parte del Aviso de Privacidad de Virufy y será tratada bajo la Ley Federal de Protección de Datos Personales en Posesión de los Particulares. Siempre que se haga referencia a “Política de Privacidad” en el presente documento, se entiende de manera intercambiable el término “Aviso de Privacidad”.",: 本クッキーポリシーは、Virufyプライバシー通知の一部とみなされ、民間部門が保有する個人データの保護に関する連邦法の下で取り扱われます。現在において「プライバシーポリシー」に言及される場合、「プライバシー通知」という用語は互換的に理解されます。
footer.ts,cookiePolicy.body.0.answer.8.type,list,list,list,list
footer.ts,cookiePolicy.body.0.answer.8.content.0.type,bold,bold,bold,bold
footer.ts,cookiePolicy.body.0.answer.8.content.0.text,بوليفيا,Bolivia,Bolivia,ボリビア
footer.ts,cookiePolicy.body.0.answer.8.content.1.type,text,text,text,text
footer.ts,cookiePolicy.body.0.answer.8.content.1.text,: سيتم التعامل مع هذه السياسة وفقًا للقانون البوليفي.,: This cookie policy will be treated under Bolivian Law.,: Esta política de cookies será tratada bajo la ley boliviana.,: 本クッキーポリシーは、ボリビア法に基づき取り扱われます。
footer.ts,cookiePolicy.body.0.answer.9.type,list,list,list,list
footer.ts,cookiePolicy.body.0.answer.9.content.0.type,bold,bold,bold,bold
footer.ts,cookiePolicy.body.0.answer.9.content.0.text,بيرو,Peru,Perú,ペルー
footer.ts,cookiePolicy.body.0.answer.9.content.1.type,text,text,text,text
footer.ts,cookiePolicy.body.0.answer.9.content.1.text,: سيتم التعامل مع هذه السياسة وفقًا للقانون البيروفي.,: This cookie policy will be treated under Peruvian Law.,: Esta política de cookies será tratada bajo la ley peruana.,: 本クッキーポリシーは、ペルーの法律に基づいて取り扱われます。
footer.ts,cookiePolicy.body.0.answer.10.type,paragraph,paragraph,paragraph,paragraph
footer.ts,cookiePolicy.body.0.answer.10.content.0.type,text,text,text,text
footer.ts,cookiePolicy.body.0.answer.10.content.0.text,"فيروسفي هو ""مسؤول البيانات"" عن معلوماتك الشخصية المجمعة وفقًا لهذه السياسة الخاصة بالكوكيز. للحصول على مزيد من المعلومات حول كيفية استخدامنا وتخزيننا وكشفنا ومعالجتنا للبيانات الشخصية التي نحصل عليها من خلال أو في اتصال مع استخدام موقعنا الإلكتروني، يرجى زيارة سياسة الخصوصية الخاصة بنا.","Virufy is the “data controller” of, and responsible for, your personal information collected in accordance with this Cookie Policy. For further information about how we use, store, disclose and process personal data that we obtain through or in connection with the use of our Website, please visit our Privacy Policy.","Virufy es el “responsable del tratamiento” y el encargado de tu información personal recopilada de acuerdo con esta Política de Cookies. Para obtener más información sobre cómo usamos, almacenamos, divulgamos y procesamos los datos personales que obtenemos a través del uso de nuestro Sitio web, visita nuestra Política de Privacidad.",Virufyは、本クッキーポリシーに基づき収集されたお客様の個人情報に対し責任を負う”データ管理者”です。当社のウェブサイトの使用を通じて、または使用に関連して取得した個人データの使用、保存、開示、および処理の詳細については、プライバシーポリシーをご覧ください。
footer.ts,cookiePolicy.body.0.answer.11.type,paragraph,paragraph,paragraph,paragraph
footer.ts,cookiePolicy.body.0.answer.11.content.0.type,text,text,text,text
footer.ts,cookiePolicy.body.0.answer.11.content.0.text,"عند وصولك إلى موقعنا الإلكتروني لأول مرة، ستتلقى رسالة تنبهك إلى أن الكوكيز والتقنيات المماثلة قيد الاستخدام. بالنقر على ""استخدام الكوكيز الضرورية فقط"" أو ""السماح بكل الكوكيز""، فإنك تعبر عن فهمك ووافقتك على استخدام هذه التقنيات كما هو موضح في سياسة الكوكيز هذه.","When you first access our Website, you will receive a message advising you that cookies and similar technologies are in use. By clicking “Use necessary cookies only” or “Allow all cookies”, you signify that you understand and agree to the use of these technologies, as described in this Cookie Policy.","Cuando accedas por primera vez a nuestro Sitio web, recibirás un mensaje informándote que se utilizan cookies y tecnologías similares. Al hacer clic en ""Usar solo cookies necesarias"" o ""Permitir todas las cookies"", confirmas que entiendes y aceptas el uso de estas tecnologías, como se describe en esta Política de Cookies.",お客様が初めて当ウェブサイトにアクセスされる際、クッキーおよび類似の技術が使用されていることをお知らせするメッセージが表示されます。「必要なCookieのみ使用する」または「すべてのCookieを許可する」をクリックすることにより、お客様は本クッキーポリシーに記載されているこれらの技術の使用を理解し、同意したものとみなされます。
footer.ts,cookiePolicy.body.0.answer.12.type,paragraph,paragraph,paragraph,paragraph
footer.ts,cookiePolicy.body.0.answer.12.content.0.type,text,text,text,text
footer.ts,cookiePolicy.body.0.answer.12.content.0.text,"إذا كان لديك أي استفسارات أو شكاوى بشأن سياسة الكوكيز الخاصة بنا، يرجى الاتصال بنا عبر البريد الإلكتروني على ","If you have any inquiries or complaints regarding our Cookie Policy, please contact us by email at ","Si tienes alguna consulta o queja con respecto a nuestra Política de Cookies, contáctanos por correo electrónico a ",当社のクッキーポリシーに関するお問い合わせは、以下のメールアドレスまでご連絡ください
footer.ts,cookiePolicy.body.0.answer.12.content.1.type,link,link,link,link
footer.ts,cookiePolicy.body.0.answer.12.content.1.text,study@virufy.org,study@virufy.org,study@virufy.org,study@virufy.org
footer.ts,cookiePolicy.body.0.answer.12.content.1.href,mailto:study@virufy.org,mailto:study@virufy.org,mailto:study@virufy.org,mailto:study@virufy.org
footer.ts,cookiePolicy.body.0.answer.12.content.2.type,text,text,text,text
footer.ts,cookiePolicy.body.0.answer.12.content.2.text,. سيرد فريقنا عليك خلال 30 يوم عمل من استلام طلبك.,. Our team will reply to you within 30 business days upon receipt of your request.,. Nuestro equipo responderá dentro de los 30 días hábiles siguientes a la recepción de tu solicitud.,。 当社チームより30営業日以内にご返信いたします。
footer.ts,cookiePolicy.body.1.question,ما هي الكوكيز؟,What are Cookies?,¿Qué son las Cookies?,クッキーとは何ですか？
footer.ts,cookiePolicy.body.1.answer.0.type,paragraph,paragraph,paragraph,paragraph
footer.ts,cookiePolicy.body.1.answer.0.content.0.type,text,text,text,text
footer.ts,cookiePolicy.body.1.answer.0.content.0.text,الكوكيز هي ملفات نصية تحتوي على قطع صغيرة من البيانات التي يتم تخزينها على جهاز الكمبيوتر أو الجهاز المحمول الخاص بك كلما قمت بالوصول إلى موقع ويب. يتم استخدامها لجعل المواقع الإلكترونية تعمل بشكل أكثر كفاءة، وكذلك لتوفير المعلومات لمالكي الموقع. تعزز الكوكيز تجربة المستخدم من خلال السماح للمواقع الإلكترونية بقراءتها وكتابتها، مما يمكّنها من التعرف على الزوار وتذكر المعلومات المهمة التي تجعل استخدام الزائر للموقع الإلكتروني أكثر ملاءمة.,"Cookies are text files containing small pieces of data that are stored on your computer or mobile device whenever you access a website. They are used to make websites operate or function more efficiently, as well as to provide information to the owners of the website. Cookies enhance user experience by allowing websites to read and write them, enabling them to recognize visitors and remember important information that makes the visitor’s use of the website more convenient.","Las cookies son archivos de texto que contienen pequeños fragmentos de datos que se almacenan en tu computadora o dispositivo móvil cada vez que accedes a un sitio web. Se utilizan para hacer que los sitios web funcionen o lo hagan de manera más eficiente, así como para proporcionar información a los propietarios del sitio. Las cookies mejoran la experiencia del usuario permitiendo que los sitios web las lean y escriban, lo que les permite reconocer a los visitantes y recordar información importante que hace más conveniente el uso del sitio web.",クッキーは、ウェブサイトにアクセスするたびにコンピューターまたはモバイルデバイスに保存される小さなデータを含むテキストファイルです。これらは、ウェブサイトの運用や機能をより効率的にしたり、ウェブサイトの所有者に情報を提供するために使用されます。 クッキーは、ウェブサイトが読み書きできるようにすることで顧客体験を向上させ、訪問者を認識し、訪問者がウェブサイトをより便利に使用できるようにする重要な情報を記憶できるようにします。
footer.ts,cookiePolicy.body.1.answer.1.type,paragraph,paragraph,paragraph,paragraph
footer.ts,cookiePolicy.body.1.answer.1.content.0.type,text,text,text,text
footer.ts,cookiePolicy.body.1.answer.1.content.0.text,"الكوكيز التي يتم تعيينها من قبل مالك الموقع الإلكتروني (في هذه الحالة، فيروسفي) تسمى ""كوكيز الطرف الأول"". الكوكيز التي يتم تعيينها من قبل أطراف أخرى غير مالك الموقع تسمى ""كوكيز الطرف الثالث"". تتيح الكوكيز من الطرف الثالث تقديم ميزات أو وظائف من طرف ثالث على الموقع الإلكتروني (مثل التحليلات).","Cookies set by a website owner (in this case, Virufy) are called “first party cookies”. Cookies set by parties other than the website owner are called “third party cookies”. Third party cookies enable third party features or functionality to be provided on or through the Website (e.g., analytics).","Las cookies establecidas por el propietario del sitio web (en este caso, Virufy) se denominan ""cookies de origen"". Las cookies establecidas por terceros se denominan ""cookies de terceros"". Las cookies de terceros permiten que se proporcionen funcionalidades o características de terceros dentro del Sitio web (por ejemplo, análisis).",ウェブサイトの所有者（この場合、Virufy）が設定するクッキー を「ファーストパーティークッキー」と呼びます。第三者ウェブサイトの所有者によって設定されたクッキーは、「サードパーティークッキー」と呼ばれます。サードパーティーのクッキーを使用すると、サードパーティの機能をウェブサイト上またはウェブサイトを通じて提供できます（例：分析など）。
footer.ts,cookiePolicy.body.2.question,كيف نستخدم الكوكيز؟,How do we use Cookies?,¿Cómo usamos las Cookies?,Cookieの使用方法について
footer.ts,cookiePolicy.body.2.answer.0.type,paragraph,paragraph,paragraph,paragraph
footer.ts,cookiePolicy.body.2.answer.0.content.0.type,text,text,text,text
footer.ts,cookiePolicy.body.2.answer.0.content.0.text,الكوكيز هي رسائل يمررها خوادم الويب إلى متصفحات الويب عند زيارة المواقع الإلكترونية. تستخدم الكوكيز في الغالب لتتبع نشاط المواقع الإلكترونية، لتتبع التسوق عبر الإنترنت، لتذكر تفضيلاتك، وتحسين تجربة المستخدم من خلال صفحات الويب الشخصية.,"Cookies are messages that web servers pass to web browsers when you visit websites. Cookies are most commonly used to track website activity, to track online shopping, remembering your preferences, and improving your user experience through personalized web pages.","Las cookies son mensajes que los servidores web envían a los navegadores web cuando visitas sitios web. Las cookies se usan más comúnmente para rastrear la actividad en el sitio web, las compras en línea, recordar tus preferencias y mejorar tu experiencia de usuario mediante páginas personalizadas.",クッキーは、お客様がウェブサイトを訪れた際にウェブサーバーがウェブブラウザに渡すメッセージです。クッキーはウェブサイトの活動を追跡し、オンラインショッピングの追跡、お客様の好みを記憶、パーソナライズされたウェブページによってお客様の顧客体験を向上させるために使用されます。
footer.ts,cookiePolicy.body.2.answer.1.type,paragraph,paragraph,paragraph,paragraph
footer.ts,cookiePolicy.body.2.answer.1.content.0.type,text,text,text,text
footer.ts,cookiePolicy.body.2.answer.1.content.0.text,قد نستخدم الأنواع التالية من الكوكيز* لجعل الموقع الإلكتروني سهل الاستخدام:,We may use the following types of Cookies* to make the website user-friendly:,Podemos utilizar los siguientes tipos de Cookies* para hacer que el sitio web sea más fácil de usar:,当社は、ウェブサイトをより使いやすくするために、以下の種類のクッキー*を使用することがあります:
footer.ts,cookiePolicy.body.2.answer.2.type,list,list,list,list
footer.ts,cookiePolicy.body.2.answer.2.content.0.type,bold,bold,bold,bold
footer.ts,cookiePolicy.body.2.answer.2.content.0.text,كوكيز أساسية,Essential Cookies,Cookies Esenciales,エッセンシャルクッキー
footer.ts,cookiePolicy.body.2.answer.2.content.1.type,text,text,text,text
footer.ts,cookiePolicy.body.2.answer.2.content.1.text,: قد يستخدم الموقع الإلكتروني كوكيز فنية للقيام بالأنشطة التي هي ضرورية بشكل صارم لعمل الموقع أو تقديم الخدمات. وتشمل، على سبيل المثال، الكوكيز التي تسمح لك بالوصول إلى المناطق الآمنة في الموقع. نستخدم هذه الكوكيز للحصول على الموافقة المطلوبة لمعالجة البيانات.,": The Website may use technical cookies to carry out activities that are strictly necessary for the operation or delivery of services. They include, for example, cookies that allow you to access secure areas of the website. We use this cookie to obtain the required consent to process data.",": El Sitio web puede usar cookies técnicas para llevar a cabo actividades que son estrictamente necesarias para el funcionamiento o la entrega de servicios. Incluyen, por ejemplo, cookies que te permiten acceder a áreas seguras del sitio web. Usamos estas cookies para obtener el consentimiento necesario para procesar los datos.",: これらのクッキーはサービスの運用または提供に不可欠なクッキーです。たとえば、ウェブサイトの安全な領域にアクセスできるようにするクッキーが含まれます。このクッキーを使用して、データを処理するために必要な同意を取得します。
footer.ts,cookiePolicy.body.2.answer.3.type,list,list,list,list
footer.ts,cookiePolicy.body.2.answer.3.content.0.type,bold,bold,bold,bold
footer.ts,cookiePolicy.body.2.answer.3.content.0.text,كوكيز التفضيلات,Preference Cookies,Cookies de Preferencias,プリファレンスクッキー
footer.ts,cookiePolicy.body.2.answer.3.content.1.type,text,text,text,text
footer.ts,cookiePolicy.body.2.answer.3.content.1.text,: تمكّن هذه الكوكيز الموقع الإلكتروني من تذكر المعلومات التي تغير الطريقة التي يعمل بها الموقع أو يظهر، مثل اللغة المفضلة أو المنطقة التي تتواجد فيها.,": These cookies enable a website to remember information that changes the way the website behaves or looks, like preferred language or the region that you are in.",": Estas cookies permiten que un sitio web recuerde información que cambia la forma en que el sitio se comporta o se ve, como tu idioma preferido o la región en la que te encuentras.",: これらのクッキーを使用すると、ウェブサイトは、優先言語や現在の地域など、ウェブサイトの動作や外観を変更する情報を記憶できます。
footer.ts,cookiePolicy.body.2.answer.4.type,list,list,list,list
footer.ts,cookiePolicy.body.2.answer.4.content.0.type,bold,bold,bold,bold
footer.ts,cookiePolicy.body.2.answer.4.content.0.text,كوكيز التحليلات,Performance Cookies,Cookies de Rendimiento,パフォーマンスクッキー
footer.ts,cookiePolicy.body.2.answer.4.content.1.type,text,text,text,text
footer.ts,cookiePolicy.body.2.answer.4.content.1.text,: تتتبع هذه الكوكيز الأنشطة على الموقع الإلكتروني وتحلل كيفية استخدام الزوار لمحتوياتنا. نحن نستخدم هذه الكوكيز لفهم كيفية استخدام الموقع بشكل أفضل وتحسينه.,": Also known as analytics cookies, these cookies may be used to collect information about your use of the Website and make the Website more user-friendly. Usage of analytic cookies includes but is not limited to distinguishing users and understanding overall patterns of usage of the Website. We use this information in aggregate form to improve the way our Website works.",": También conocidas como cookies de análisis, estas cookies pueden ser utilizadas para recopilar información sobre tu uso del Sitio web y hacerlo más fácil de usar. El uso de cookies analíticas incluye, entre otros, distinguir a los usuarios y entender los patrones generales de uso del Sitio web. Utilizamos esta información de forma agregada para mejorar el funcionamiento de nuestro Sitio.",: 分析クッキーとも呼ばれるこれらのクッキーは、ウェブサイトの使用に関する情報を収集し、ウェブサイトをより使いやすくするために使用される場合があります。分析クッキーの使用には、ユーザーの識別とウェブサイトの使用の全体的なパターンの理解が含まれますが、これらに限定されません。当社は、この情報を集約した形で使用してウェブサイトの動作改善に活用します。
footer.ts,cookiePolicy.body.2.answer.5.type,list,list,list,list
footer.ts,cookiePolicy.body.2.answer.5.content.0.type,bold,bold,bold,bold
footer.ts,cookiePolicy.body.2.answer.5.content.0.text,كوكيز الإعلان,Marketing Cookies,Cookies de Marketing,マーケティングクッキー
footer.ts,cookiePolicy.body.2.answer.5.content.1.type,text,text,text,text
footer.ts,cookiePolicy.body.2.answer.5.content.1.text,: تساعد هذه الكوكيز في تقديم الإعلانات التي تكون أكثر صلة بك. نستخدم هذه الكوكيز للتعرف على كيفية تفاعل المستخدم مع موقعنا لإظهار إعلانات ذات صلة.,": These cookies are used to track visitors across websites. The intention is to display ads that are relevant and engaging for the individual user and thereby more valuable for publishers and third-party advertisers. These cookies can be deleted or blocked by adjusting your browser settings (see ""How can you control Cookies"" below). Alternatively, please follow this link to ",": Estas cookies se utilizan para rastrear a los visitantes a través de sitios web. La intención es mostrar anuncios que sean relevantes y atractivos para el usuario individual y, por tanto, más valiosos para los editores y anunciantes de terceros. Estas cookies se pueden eliminar o bloquear ajustando la configuración de tu navegador (consulta ""¿Cómo puedes controlar las Cookies?"" más abajo). Alternativamente, sigue este enlace para ",": これらのクッキーは、ウェブサイト全体の訪問者を追跡するために使用されます。その目的は、個々のユーザーにとって関連性があり魅力的な広告を表示することであり、それによってパブリッシャーや第三者サービスの広告主にとってより価値のあるものになります。これらのクッキーは、ブラウザの設定を調整することで削除またはブロックできます（以下の、 ""クッキーを管理する方法を""参照）。または、以下のリンクに従ってオプトアウトしてください。"
footer.ts,cookiePolicy.body.2.answer.6.type,list,,,
footer.ts,cookiePolicy.body.2.answer.6.content.0.type,bold,,,
footer.ts,cookiePolicy.body.2.answer.6.content.0.text,كوكيز وسائل التواصل الاجتماعي,,,
footer.ts,cookiePolicy.body.2.answer.6.content.1.type,text,,,
footer.ts,cookiePolicy.body.2.answer.6.content.1.text,: يستخدمها مزودي وسائل التواصل الاجتماعي مثل فيسبوك، تويتر، إلخ لتمكينك من التفاعل مع محتوى الموقع عبر شبكاتهم.,,,
footer.ts,cookiePolicy.body.3.question,كيف يمكنك التحكم في الكوكيز؟,How can you control Cookies?,¿Cómo puedes controlar las Cookies?,クッキーを管理するには?
footer.ts,cookiePolicy.body.3.answer.0.type,paragraph,paragraph,paragraph,paragraph
footer.ts,cookiePolicy.body.3.answer.0.content.0.type,text,text,text,text
footer.ts,cookiePolicy.body.3.answer.0.content.0.text,يحق لك التحكم في الكوكيز التي يتم تخزينها على جهازك. يمكنك تعديل إعدادات الكوكيز عبر متصفحك. يمكنك إيقاف تشغيل أو حذف الكوكيز عبر إعدادات المتصفح الخاص بك. قد تختلف الإجراءات الخاصة بكل متصفح، لكن معظم المتصفحات توفر خيارًا لإيقاف الكوكيز أو إعلامك عند وجود كوكيز جديدة.,You have the right to decide whether to accept or reject cookies. You do not have to accept cookies and consent can be withdrawn at any time. Please note that essential cookies cannot be rejected as they are strictly necessary to provide you with services of our Website.,"Tienes el derecho de decidir si aceptas o rechazas las cookies. No estás obligado a aceptarlas y puedes retirar tu consentimiento en cualquier momento. Ten en cuenta que las cookies esenciales no se pueden rechazar, ya que son estrictamente necesarias para brindarte los servicios de nuestro Sitio web.",お客様は、クッキーを受け入れるか拒否するかを決定する権利を持っています。お客様はクッキーを受け入れる必要はなく、いつでも同意を撤回することができます。ただし、エッセンシャルクッキーは、当社のウェブサイトのサービスをお客様に提供するために厳密に必要なものであるため、拒否することはできません。
footer.ts,cookiePolicy.body.3.answer.0.content.1.type,text,,,
footer.ts,cookiePolicy.body.3.answer.0.content.1.text,", ",,,
footer.ts,cookiePolicy.body.3.answer.0.content.2.type,link,,,
footer.ts,cookiePolicy.body.3.answer.0.content.2.text,Microsoft Edge,,,
footer.ts,cookiePolicy.body.3.answer.0.content.2.href,https://support.microsoft.com/en-us/help/10607/microsoft-edge-view-delete-browser-history,,,
footer.ts,cookiePolicy.body.3.answer.0.content.3.type,text,,,
footer.ts,cookiePolicy.body.3.answer.0.content.3.text,", ",,,
footer.ts,cookiePolicy.body.3.answer.0.content.4.type,link,,,
footer.ts,cookiePolicy.body.3.answer.0.content.4.text,Microsoft Internet Explorer,,,
footer.ts,cookiePolicy.body.3.answer.0.content.4.href,https://support.microsoft.com/en-gb/help/17442/windows-internet-explorer-delete-manage-cookies,,,
footer.ts,cookiePolicy.body.3.answer.0.content.5.type,text,,,
footer.ts,cookiePolicy.body.3.answer.0.content.5.text,", ",,,
footer.ts,cookiePolicy.body.3.answer.0.content.6.type,link,,,
footer.ts,cookiePolicy.body.3.answer.0.content.6.text,Mozilla Firefox,,,
footer.ts,cookiePolicy.body.3.answer.0.content.6.href,https://support.mozilla.org/en-US/kb/enable-and-disable-cookies-website-preferences,,,
footer.ts,cookiePolicy.body.3.answer.0.content.7.type,text,,,
footer.ts,cookiePolicy.body.3.answer.0.content.7.text,", ",,,
footer.ts,cookiePolicy.body.3.answer.0.content.8.type,link,,,
footer.ts,cookiePolicy.body.3.answer.0.content.8.text,Opera,,,
footer.ts,cookiePolicy.body.3.answer.0.content.8.href,https://blogs.opera.com/news/2015/08/how-to-manage-cookies-in-opera/,,,
footer.ts,cookiePolicy.body.4.question,التعديلات على سياسة الكوكيز هذه,Amendments to this Cookie Policy,Modificaciones a esta Política de Cookies,本クッキーポリシーの改定
footer.ts,cookiePolicy.body.4.answer.0.type,paragraph,paragraph,paragraph,paragraph
footer.ts,cookiePolicy.body.4.answer.0.content.0.type,text,text,text,text
footer.ts,cookiePolicy.body.4.answer.0.content.0.text,قد نقوم بتحديث سياسة الكوكيز هذه من وقت لآخر لتعكس، على سبيل المثال، التغييرات في الكوكيز التي نستخدمها أو لأسباب تشغيلية أو قانونية أو تنظيمية أخرى. وبما أننا لا نجمع بيانات شخصية مثل عنوان IP الخاص بك أو بريدك الإلكتروني أو أي وسيلة اتصال أخرى، وبالتالي ليس لدينا وسيلة للتواصل معك من أجل سلامتك، يُرجى زيارة سياسة الكوكيز هذه بانتظام للبقاء على اطلاع حول استخدامنا للكوكيز والتقنيات ذات الصلة.,"We may update this Cookie Policy from time to time in order to reflect, for example, changes to the cookies we use or for other operational, legal or regulatory reasons. Since we do not collect personal data such as your IP address, email or any other form of contact, thus having no means to reach you for your safety, please therefore re-visit this Cookie Policy regularly to stay informed about our use of cookies and related technologies.","Podemos actualizar esta Política de Cookies ocasionalmente para reflejar, por ejemplo, cambios en las cookies que utilizamos o por otros motivos operativos, legales o regulatorios. Dado que no recopilamos datos personales como tu dirección IP, correo electrónico ni ninguna otra forma de contacto, y por lo tanto no tenemos forma de comunicarnos contigo por tu seguridad, te recomendamos revisar periódicamente esta Política de Cookies para mantenerte informado sobre nuestro uso de cookies y tecnologías relacionadas.",当社が使用するクッキーの変更を反映するため、またはその他の運営上、法的または規制上の理由により、本クッキーポリシーを随時更新することがあります。当社は、お客様のIPアドレス、メールアドレス、その他の連絡先などの個人情報を収集しないため、お客様の安全のためにご連絡する方法がありません。そのため、クッキーおよび関連技術の使用方法について常に最新情報を入手するために、本クッキーポリシーを定期的に再確認してください。
footer.ts,cookiePolicy.body.4.answer.1.type,paragraph,paragraph,paragraph,paragraph
footer.ts,cookiePolicy.body.4.answer.1.content.0.type,text,text,text,text
footer.ts,cookiePolicy.body.4.answer.1.content.0.text,التاريخ الموجود في أعلى سياسة الكوكيز هذه يشير إلى آخر مرة تم تحديثها فيها.,The date at the top of this Cookie Policy indicates when it was last updated.,La fecha en la parte superior de esta Política de Cookies indica cuándo fue actualizada por última vez.,本クッキーポリシーの上部に記載されている日付は、最後に更新された日付を示しています。
footer.ts,cookiePolicy.body.5.question,كيف يمكنك الاتصال بنا مع أي استفسارات؟,How can you contact us with questions?,¿Cómo puedes contactarnos si tienes preguntas?,ご質問・お問い合わせ先
footer.ts,cookiePolicy.body.5.answer.0.type,paragraph,paragraph,paragraph,paragraph
footer.ts,cookiePolicy.body.5.answer.0.content.0.type,text,text,text,text
footer.ts,cookiePolicy.body.5.answer.0.content.0.text,"إذا كانت لديك أي مخاوف تتعلق باستخدامنا للكوكيز أو التقنيات الأخرى، يرجى الاتصال بنا على ","If you have any concerns relating to our use of cookies or other technologies, please contact us at ","Si tienes alguna inquietud relacionada con nuestro uso de cookies u otras tecnologías, por favor contáctanos en ",当社のクッキーまたはその他の技術の使用に関してご不明な点がある場合は、
footer.ts,cookiePolicy.body.5.answer.0.content.1.type,link,link,link,link
footer.ts,cookiePolicy.body.5.answer.0.content.1.text,study@virufy.org,study@virufy.org,study@virufy.org,study@virufy.org
footer.ts,cookiePolicy.body.5.answer.0.content.1.href,mailto:study@virufy.org,mailto:study@virufy.org,mailto:study@virufy.org,mailto:study@virufy.org
footer.ts,cookiePolicy.body.5.answer.0.content.2.type,text,text,text,text
footer.ts,cookiePolicy.body.5.answer.0.content.2.text,.,.,.,までご連絡ください。
footer.ts,privacyPolicy.title,سياسة الخصوصية,Privacy Policy,Política de Privacidad,プライバシーポリシー
footer.ts,privacyPolicy.body.0.question,الأرجنتين,Argentina,Argentina,アルゼンチン
footer.ts,privacyPolicy.body.0.answer.0.type,paragraph,paragraph,paragraph,paragraph
footer.ts,privacyPolicy.body.0.answer.0.content.0.type,link,link,link,link
footer.ts,privacyPolicy.body.0.answer.0.content.0.text,سياسة الخصوصية,Privacy Policy,Política de Privacidad,プライバシーポリシー
footer.ts,privacyPolicy.body.0.answer.0.content.0.href,https://drive.google.com/file/d/1Fef7l77QP3EZboej6mw_q7fBNrayvs03/view,https://drive.google.com/file/d/1Fef7l77QP3EZboej6mw_q7fBNrayvs03/view,https://drive.google.com/file/d/1Fef7l77QP3EZboej6mw_q7fBNrayvs03/view,https://drive.google.com/file/d/1Fef7l77QP3EZboej6mw_q7fBNrayvs03/view
footer.ts,privacyPolicy.body.1.question,بوليفيا,Bolivia,Bolivia,ボリビア
footer.ts,privacyPolicy.body.1.answer.0.type,paragraph,paragraph,paragraph,paragraph
footer.ts,privacyPolicy.body.1.answer.0.content.0.type,link,link,link,link
footer.ts,privacyPolicy.body.1.answer.0.content.0.text,سياسة الخصوصية,Privacy Policy,Política de Privacidad,プライバシーポリシー
footer.ts,privacyPolicy.body.1.answer.0.content.0.href,https://drive.google.com/file/d/1ZSrRivk4YJyyDioqYeAsz0fgNAP3UwVn/view,https://drive.google.com/file/d/1ZSrRivk4YJyyDioqYeAsz0fgNAP3UwVn/view,https://drive.google.com/file/d/1ZSrRivk4YJyyDioqYeAsz0fgNAP3UwVn/view,https://drive.google.com/file/d/1ZSrRivk4YJyyDioqYeAsz0fgNAP3UwVn/view
footer.ts,privacyPolicy.body.2.question,البرازيل,Brazil,Brazil,ブラジル
footer.ts,privacyPolicy.body.2.answer.0.type,paragraph,paragraph,paragraph,paragraph
footer.ts,privacyPolicy.body.2.answer.0.content.0.type,link,link,link,link
footer.ts,privacyPolicy.body.2.answer.0.content.0.text,سياسة الخصوصية,Privacy Policy,Política de Privacidad,プライバシーポリシー
footer.ts,privacyPolicy.body.2.answer.0.content.0.href,https://drive.google.com/file/d/1Zl9QO-Dliik84xjuXCdFGcDOk5GytXr1/view,https://drive.google.com/file/d/1Zl9QO-Dliik84xjuXCdFGcDOk5GytXr1/view,https://drive.google.com/file/d/1Zl9QO-Dliik84xjuXCdFGcDOk5GytXr1/view,https://drive.google.com/file/d/1Zl9QO-Dliik84xjuXCdFGcDOk5GytXr1/view
footer.ts,privacyPolicy.body.3.question,كولومبيا,Colombia,Colombia,コロンビア
footer.ts,privacyPolicy.body.3.answer.0.type,paragraph,paragraph,paragraph,paragraph
footer.ts,privacyPolicy.body.3.answer.0.content.0.type,link,link,link,link
footer.ts,privacyPolicy.body.3.answer.0.content.0.text,سياسة الخصوصية,Privacy Policy,Política de Privacidad,プライバシーポリシー
footer.ts,privacyPolicy.body.3.answer.0.content.0.href,https://drive.google.com/file/d/1eQOx81C5e5CoESYsEnrE9sWhCkTMDPEq/view,https://drive.google.com/file/d/1eQOx81C5e5CoESYsEnrE9sWhCkTMDPEq/view,https://drive.google.com/file/d/1eQOx81C5e5CoESYsEnrE9sWhCkTMDPEq/view,https://drive.google.com/file/d/1eQOx81C5e5CoESYsEnrE9sWhCkTMDPEq/view
footer.ts,privacyPolicy.body.4.question,اليونان,Greece,Grecia,ギリシャ
footer.ts,privacyPolicy.body.4.answer.0.type,paragraph,paragraph,paragraph,paragraph
footer.ts,privacyPolicy.body.4.answer.0.content.0.type,link,link,link,link
footer.ts,privacyPolicy.body.4.answer.0.content.0.text,سياسة الخصوصية,Privacy Policy,Política de Privacidad,プライバシーポリシー
footer.ts,privacyPolicy.body.4.answer.0.content.0.href,https://drive.google.com/file/d/1lMVygBx3pV_lZBhFtZe5go4UM4mFt0qP/view,https://drive.google.com/file/d/1lMVygBx3pV_lZBhFtZe5go4UM4mFt0qP/view,https://drive.google.com/file/d/1lMVygBx3pV_lZBhFtZe5go4UM4mFt0qP/view,https://drive.google.com/file/d/1lMVygBx3pV_lZBhFtZe5go4UM4mFt0qP/view
footer.ts,privacyPolicy.body.5.question,المكسيك,Mexico,México,メキシコ
footer.ts,privacyPolicy.body.5.answer.0.type,paragraph,paragraph,paragraph,paragraph
footer.ts,privacyPolicy.body.5.answer.0.content.0.type,link,link,link,link
footer.ts,privacyPolicy.body.5.answer.0.content.0.text,سياسة الخصوصية,Privacy Policy,Política de Privacidad,プライバシーポリシー
footer.ts,privacyPolicy.body.5.answer.0.content.0.href,https://drive.google.com/file/d/1Qr3cFttfhjUoKxLcQrVEhsuO-OJ6VE0_/view,https://drive.google.com/file/d/1Qr3cFttfhjUoKxLcQrVEhsuO-OJ6VE0_/view,https://drive.google.com/file/d/1Qr3cFttfhjUoKxLcQrVEhsuO-OJ6VE0_/view,https://drive.google.com/file/d/1Qr3cFttfhjUoKxLcQrVEhsuO-OJ6VE0_/view
footer.ts,privacyPolicy.body.6.question,بيرو,Peru,Perú,ペルー
footer.ts,privacyPolicy.body.6.answer.0.type,paragraph,paragraph,paragraph,paragraph
footer.ts,privacyPolicy.body.6.answer.0.content.0.type,link,link,link,link
footer.ts,privacyPolicy.body.6.answer.0.content.0.text,سياسة الخصوصية,Privacy Policy,Política de Privacidad,プライバシーポリシー
footer.ts,privacyPolicy.body.6.answer.0.content.0.href,https://drive.google.com/file/d/1UgN2Bu2XIvv2YirLRYloSPlbYln_uzf9/view,https://drive.google.com/file/d/1UgN2Bu2XIvv2YirLRYloSPlbYln_uzf9/view,https://drive.google.com/file/d/1UgN2Bu2XIvv2YirLRYloSPlbYln_uzf9/view,https://drive.google.com/file/d/1UgN2Bu2XIvv2YirLRYloSPlbYln_uzf9/view
footer.ts,privacyPolicy.body.7.question,الولايات المتحدة,United States,Estados Unidos,アメリカ合衆国
footer.ts,privacyPolicy.body.7.answer.0.type,paragraph,paragraph,paragraph,paragraph
footer.ts,privacyPolicy.body.7.answer.0.content.0.type,link,link,link,link
footer.ts,privacyPolicy.body.7.answer.0.content.0.text,سياسة الخصوصية,Privacy Policy,Política de Privacidad,プライバシーポリシー
footer.ts,privacyPolicy.body.7.answer.0.content.0.href,https://drive.google.com/file/d/1EB_9q8nSxvJXWMtCfxCWmisM-n03TJYz/view,https://drive.google.com/file/d/1EB_9q8nSxvJXWMtCfxCWmisM-n03TJYz/view,https://drive.google.com/file/d/1EB_9q8nSxvJXWMtCfxCWmisM-n03TJYz/view,https://drive.google.com/file/d/1EB_9q8nSxvJXWMtCfxCWmisM-n03TJYz/view
footer.ts,privacyPolicy.body.8.question,أوروبا,Europe,Europa,ヨーロッパ
footer.ts,privacyPolicy.body.8.answer.0.type,paragraph,paragraph,paragraph,paragraph
footer.ts,privacyPolicy.body.8.answer.0.content.0.type,link,link,link,link
footer.ts,privacyPolicy.body.8.answer.0.content.0.text,سياسة الخصوصية,Privacy Policy,Política de Privacidad,プライバシーポリシー
footer.ts,privacyPolicy.body.8.answer.0.content.0.href,https://drive.google.com/file/d/1EB_9q8nSxvJXWMtCfxCWmisM-n03TJYz/view,https://drive.google.com/file/d/1EB_9q8nSxvJXWMtCfxCWmisM-n03TJYz/view,https://drive.google.com/file/d/1EB_9q8nSxvJXWMtCfxCWmisM-n03TJYz/view,https://drive.google.com/file/d/1EB_9q8nSxvJXWMtCfxCWmisM-n03TJYz/view
footer.ts,privacyPolicy.body.9.question,اليابان,Japan,Japón,日本
footer.ts,privacyPolicy.body.9.answer.0.type,paragraph,paragraph,paragraph,paragraph
footer.ts,privacyPolicy.body.9.answer.0.content.0.type,link,link,link,link
footer.ts,privacyPolicy.body.9.answer.0.content.0.text,سياسة الخصوصية,Privacy Policy,Política de Privacidad,プライバシーポリシー
footer.ts,privacyPolicy.body.9.answer.0.content.0.href,https://drive.google.com/file/d/11RTMmnHW4SqHNf7htr3xuSi-o2v2vWlp/view,https://drive.google.com/file/d/11RTMmnHW4SqHNf7htr3xuSi-o2v2vWlp/view,https://drive.google.com/file/d/11RTMmnHW4SqHNf7htr3xuSi-o2v2vWlp/view,https://drive.google.com/file/d/11RTMmnHW4SqHNf7htr3xuSi-o2v2vWlp/view
footer.ts,privacyPolicy.body.10.question,دول أخرى,Other Countries,Otros países,その他の国々
footer.ts,privacyPolicy.body.10.answer.0.type,paragraph,paragraph,paragraph,paragraph
footer.ts,privacyPolicy.body.10.answer.0.content.0.type,link,link,link,link
footer.ts,privacyPolicy.body.10.answer.0.content.0.text,سياسة الخصوصية,Privacy Policy,Política de Privacidad,プライバシーポリシー
footer.ts,privacyPolicy.body.10.answer.0.content.0.href,https://drive.google.com/file/d/1hnxvDJ5qHBnUi7cnkNdyD4PuWMz8Ntss/view,https://drive.google.com/file/d/1hnxvDJ5qHBnUi7cnkNdyD4PuWMz8Ntss/view,https://drive.google.com/file/d/1hnxvDJ5qHBnUi7cnkNdyD4PuWMz8Ntss/view,https://drive.google.com/file/d/1hnxvDJ5qHBnUi7cnkNdyD4PuWMz8Ntss/view
footer.ts,personalInfo.title,لا تبيع معلوماتي الشخصية,Do Not Sell My Personal Info,No Vendas Mi Información Personal,個人情報の保護
footer.ts,personalInfo.body.0.question,حقوق قانون خصوصية المستهلك في كاليفورنيا,California Consumer Privacy Act Rights,Derechos según la Ley de Privacidad del Consumidor de California,カリフォルニア州消費者プライバシー法の権利
footer.ts,personalInfo.body.0.answer.0.type,paragraph,paragraph,paragraph,paragraph
footer.ts,personalInfo.body.0.answer.0.content.0.type,text,text,text,text
footer.ts,personalInfo.body.0.answer.0.content.0.text,يحق للمستهلكين في كاليفورنيا المعرفة والوصول وحذف معلوماتهم الشخصية بموجب قانون خصوصية المستهلك في كاليفورنيا. يحق للمستهلكين في كاليفورنيا أيضًا اختيار عدم بيع معلوماتهم الشخصية من قبل الشركات، ويحق لهم عدم التعرض للتمييز بسبب ممارسة حقوقهم في الخصوصية في كاليفورنيا. لا تبيع فيروفي معلومات المستهلكين الشخصية في كاليفورنيا ولا تميز ردًا على طلبات حقوق الخصوصية.,"California consumers have a right to knowledge, access, and deletion of their personal information under the California Consumer Privacy Act. California consumers also have a right to opt out of the sale of their personal information by a business and a right not to be discriminated against for exercising one of their California privacy rights. Virufy does not sell the personal information of California consumers and does not discriminate in response to privacy rights requests.","Los consumidores de California tienen derecho a conocer, acceder y eliminar su información personal bajo la Ley de Privacidad del Consumidor de California. También tienen derecho a optar por no vender su información personal a una empresa y a no ser discriminados por ejercer sus derechos de privacidad. Virufy no vende la información personal de los consumidores de California y no discrimina en respuesta a solicitudes relacionadas con derechos de privacidad.",カリフォルニア州の消費者は、カリフォルニア州消費者プライバシー法に基づき、個人情報の知識、アクセス、削除の権利を持っています。また、カリフォルニア州の消費者には、自分の個人情報の販売を企業に拒否する権利、およびプライバシー権を行使したことによって差別されない権利があります。Virufyは、カリフォルニア州の消費者の個人情報を販売することはなく、プライバシー権のリクエストに対して差別することもありません。
footer.ts,personalInfo.body.1.question,تقدم فيروفي إشعارًا بممارسات الخصوصية في سياسة الخصوصية الخاصة بنا,Virufy provides notice of our privacy practices in our Privacy Policy,Virufy proporciona información sobre nuestras prácticas de privacidad en nuestra Política de Privacidad,Virufyのプライバシー慣行に関する通知はプライバシーポリシーで提供されています
footer.ts,personalInfo.body.1.answer.0.type,paragraph,paragraph,paragraph,paragraph
footer.ts,personalInfo.body.1.answer.0.content.0.type,text,text,text,text
footer.ts,personalInfo.body.1.answer.0.content.0.text,تتضمن سياسة الخصوصية ما هي المعلومات الشخصية والبيانات التي يتم جمعها، مصدر المعلومات الشخصية والبيانات التي تم جمعها، كيفية معالجة وتخزين المعلومات الشخصية والبيانات، وأغراض استخدام المعلومات الشخصية. تكشف فيروفي أيضًا عن المعلومات الشخصية وإذا كان الأمر كذلك، الفئات التي يتم الكشف عن البيانات والمعلومات الشخصية لها. يتم تقديم مزيد من المعلومات حول كيفية تعامل فيروفي مع المعلومات الشخصية في إطار خدمات فيروفي المحددة في إشعارات خاصة بالخدمة عند أو قبل أول استخدام لتطبيق فيروفي الإلكتروني ومتاح في أي وقت. للاطلاع على نسخة من أحدث الإصدارات من إشعارات الخصوصية الخاصة بالخدمات والإفصاحات الخاصة بكاليفورنيا، يرجى مراجعة سياسة الخصوصية الخاصة بنا.,"The Privacy Policy includes what personal information and data is collected, the source of the personal information and data collected, how personal information and data is processed and stored, and the purposes of use of personal information. Virufy also discloses what personal information and if so, the categories of third parties to whom data and personal information is disclosed. More information about how Virufy handles personal information in connection with specific Virufy services is presented in service-specific notices at or before your first use of the Virufy web app and available at any time. To view a copy of the latest versions of the service-specific privacy notices and the California-specific disclosures, please see our Privacy Policy.","La Política de Privacidad incluye qué información y datos personales se recopilan, la fuente de esta información, cómo se procesan y almacenan, y los fines para los que se usan. Virufy también revela qué información personal se comparte y, de ser así, con qué categorías de terceros. Más información sobre cómo Virufy maneja la información personal en relación con servicios específicos de Virufy se proporciona en avisos específicos del servicio al momento o antes del primer uso de la aplicación web de Virufy, y están disponibles en todo momento. Para ver una copia de las versiones más recientes de los avisos de privacidad específicos del servicio y las divulgaciones específicas para California, consulte nuestra Política de Privacidad.",プライバシーポリシーには、収集される個人情報やデータの種類、収集元、個人情報やデータの処理および保存方法、使用目的が記載されています。また、Virufyが個人情報を開示する場合、そのカテゴリーや第三者についても開示されます。特定のVirufyのサービスに関連してVirufyが個人情報をどのように扱うかについての詳細は、Virufyウェブアプリの最初の使用時または使用前に提供され、いつでも参照可能です。サービスごとのプライバシー通知およびカリフォルニア州向けの開示の最新版は、プライバシーポリシーでご確認ください。
footer.ts,personalInfo.body.2.question,كيفية ممارسة الحقوق المذكورة أعلاه,How to Exercise the Above Rights,Cómo Ejercer los Derechos Anteriores,上記の権利を行使する方法
footer.ts,personalInfo.body.2.answer.0.type,paragraph,paragraph,paragraph,paragraph
footer.ts,personalInfo.body.2.answer.0.content.0.type,text,text,text,text
footer.ts,personalInfo.body.2.answer.0.content.0.text,"يمكن للمستهلكين في كاليفورنيا ممارسة حقوقهم في الوصول إلى معلوماتهم أو حذفها مباشرة أو من خلال وكيل مفوض من خلال الاتصال بـ فيروفي على ","California consumers can exercise their rights to access or delete their information directly or through an authorized agent by contacting Virufy at ","Los consumidores de California pueden ejercer sus derechos de acceso o eliminación de su información directamente o a través de un agente autorizado contactando a Virufy en ",カリフォルニア州の消費者は、直接または代理人を通じて、自分の情報にアクセスしたり削除したりする権利を行使できます。Virufyへは
footer.ts,personalInfo.body.2.answer.0.content.1.type,link,link,link,link
footer.ts,personalInfo.body.2.answer.0.content.1.text,study@virufy.org,study@virufy.org,study@virufy.org,study@virufy.org
footer.ts,personalInfo.body.2.answer.0.content.1.href,mailto:study@virufy.org,mailto:study@virufy.org,mailto:study@virufy.org,mailto:study@virufy.org
footer.ts,personalInfo.body.2.answer.0.content.2.type,text,text,text,text
footer.ts,personalInfo.body.2.answer.0.content.2.text,. ستطلب فيروفي منك معلومات تعتبرها ضرورية للتحقق من هويتك من أجل الأمان ولمنع الاحتيال. قد تتضمن هذه المعلومات الاسم، معلومات الاتصال، والمعلومات المتعلقة بعلاقتك مع فيروفي، ولكن قد يختلف نوع المعلومات المطلوبة حسب ظروف طلبك من أجل الأمان وحماية حقوق الخصوصية. إذا قمنا بحذف معلوماتك الشخصية، سنجعل بعض المعلومات الشخصية غير قابلة للاسترداد بشكل دائم ونقوم أيضًا بإزالة تعريف بعض المعلومات الشخصية.,". Virufy will ask you for information which we consider necessary to verify your identity for security and to prevent fraud. This information may include name, contact information, and information related to your relationship with Virufy, but the specific information requested may differ depending on the circumstances of your request for your security and to protect privacy rights. If we delete your personal information, we will both render certain personal information about you permanently unrecoverable and also de-identify certain personal information.",". Virufy solicitará la información que considere necesaria para verificar su identidad por motivos de seguridad y para prevenir fraudes. Esta información puede incluir nombre, información de contacto e información relacionada con su relación con Virufy, pero la información específica solicitada puede variar dependiendo de las circunstancias de su solicitud, para su seguridad y para proteger los derechos de privacidad. Si eliminamos su información personal, haremos que cierta información sea irrecuperable permanentemente y también desidentificaremos cierta información personal.",に連絡することで可能です。Virufyは、セキュリティと詐欺防止のために、あなたの身元を確認するために必要と考える情報を要求します。この情報には、名前、連絡先情報、Virufyとの関係に関連する情報が含まれる場合がありますが、リクエストの状況によって要求される具体的な情報は異なる場合があります。あなたの個人情報を削除する場合、特定の個人情報を永久に回復不可能な状態にし、また特定の個人情報を識別不能な状態にします。
footer.ts,personalInfo.body.3.question,التسويق المباشر وعدم التتبع,Direct Marketing and Do Not Track,"Marketing Directo y Señales de ""No Rastrear""",ダイレクトマーケティングとトラッキング
footer.ts,personalInfo.body.3.answer.0.type,paragraph,paragraph,paragraph,paragraph
footer.ts,personalInfo.body.3.answer.0.content.0.type,text,text,text,text
footer.ts,personalInfo.body.3.answer.0.content.0.text,"لا تقوم فيروفي بتتبع عملائها عبر الزمن وعلى مواقع الويب الخاصة بالأطراف الثالثة لتقديم إعلانات موجهة، وبالتالي لا تستجيب لإشارات متصفح الويب الخاصة بـ ""عدم التتبع"". إذا وصلت إلى موقعنا الإلكتروني عبر رابط من موقع طرف ثالث يستجيب لطلبات ""عدم التتبع""، فإن التعرف على أي طلب ""عدم تتبع"" قد بدأته سينتهي بمجرد وصولك إلى موقعنا الإلكتروني. لا يمكن للأطراف الثالثة جمع أي معلومات شخصية قابلة للتحديد من مواقع فيروفي الإلكترونية ما لم تقدمها لهم مباشرة. يتم وصف هذا أيضًا في سياسة الخصوصية الخاصة بنا.","Virufy does not track its customers over time and across third party websites to provide targeted advertising and therefore does not respond to web browsers “do not track” signals. If you arrive at our website by way of a link from a third party site that does respond to “do not track” requests, the recognition of any “do not track” request you have initiated will end as soon as you reach our website. Third parties cannot collect any other personally identifiable information from Virufy’s websites unless you provide it to them directly. This is also described in our Privacy Policy.","Virufy no rastrea a sus usuarios a lo largo del tiempo ni en sitios web de terceros para ofrecer publicidad dirigida, y por lo tanto no responde a señales de “no rastrear” de los navegadores web. Si llega a nuestro sitio web a través de un enlace desde un sitio de terceros que sí responde a solicitudes de “no rastrear”, dicho reconocimiento finalizará al llegar a nuestro sitio. Los terceros no pueden recopilar ninguna información personal identificable de los sitios web de Virufy a menos que usted se la proporcione directamente. Esto también se describe en nuestra Política de Privacidad.",Virufyは、顧客を第三者のウェブサイトを通じて時間とともに追跡し、ターゲティング広告を提供することは行っていないため、ウェブブラウザの「Do Not Track」シグナルには対応していません。当団体のウェブサイトを第三者サイトのリンクから開いた場合、その「Do Not Track」リクエストの認識は、当団体のウェブサイトに到着した時点で終了します。第三者がVirufyのウェブサイトから個人を識別できる情報を収集することは、あなたが直接提供しない限りできません。これについては、プライバシーポリシーでも説明されています。
footer.ts,personalInfo.body.4.question,إشعار للقاصرين,Notice for Minors,Aviso para Menores de Edad,未成年者に関する通知
footer.ts,personalInfo.body.4.answer.0.type,paragraph,paragraph,paragraph,paragraph
footer.ts,personalInfo.body.4.answer.0.content.0.type,text,text,text,text
footer.ts,personalInfo.body.4.answer.0.content.0.text,نحن لا نجمع عن علم معلومات عبر الإنترنت من الأطفال دون سن 18 عامًا. إذا تم إخطارنا أننا جمعنا معلومات شخصية، كما هو معرف في قانون حماية خصوصية الأطفال عبر الإنترنت (COPPA)، لطفل تحت سن 13 عامًا، فإننا سنقوم بحذف المعلومات بأسرع وقت ممكن. نحن لا نبيع أبدًا المعلومات الشخصية للقاصرين دون سن 18 عامًا ولن نفعل ذلك في المستقبل دون إذن صريح من المستهلك إذا كان عمره بين 13 و16 عامًا، أو من الوالد أو الوصي على المستهلك الذي يقل عمره عن 13 عامًا.,"We do not knowingly collect online information from children under the age of 18. If we are notified that we have collected personal information, as defined by the Children’s Online Privacy Protection Act (“COPPA”), of a child under the age of 13, we will delete the information as expeditiously as possible. We never sell the personal information of minors under 18 years of age and would not do so in the future without affirmative authorization of the consumer if between 13 to 16 years of age, or the parent or guardian of a consumer less than 13 years of age.","No recopilamos intencionalmente información en línea de niños menores de 18 años. Si se nos notifica que hemos recopilado información personal, según lo definido por la Ley de Protección de la Privacidad Infantil en Línea (“COPPA”), de un menor de 13 años, eliminaremos dicha información lo más pronto posible. Nunca vendemos la información personal de menores de 18 años y no lo haremos en el futuro sin la autorización afirmativa del consumidor (si tiene entre 13 y 16 años) o del padre/madre o tutor del consumidor (si tiene menos de 13 años).",当団体は、18歳未満の子供からオンラインで情報を故意に収集することはありません。もし13歳未満の子供の個人情報（COPPAに定義される）を収集したことが通知された場合、その情報は可能な限り迅速に削除されます。また、18歳未満の未成年者の個人情報を販売することはなく、将来的に13～16歳の消費者や13歳未満の消費者の親または保護者の明確な許可がない限り、そうすることはありません。
footer.ts,nonProfitSection.title,الصفة غير الربحية,Nonprofit Status,Estatus como Organización Sin Fines de Lucro,非営利団体
footer.ts,nonProfitSection.textOne,فيروفي هي مؤسسة غير ربحية في كاليفورنيا معترف بها من قبل دائرة الإيرادات الداخلية الأمريكية (IRS) كمنظمة خيرية معفاة من الضرائب بموجب القسم 501(c)(3) من قانون الإيرادات الداخلية.,Virufy is a California nonprofit corporation recognized by the United States Internal Revenue Service (IRS) as a tax-exempt public charity under Section 501(c)(3) of the Internal Revenue Code.,Virufy es una corporación sin fines de lucro registrada en California y reconocida por el Servicio de Impuestos Internos (IRS) de los Estados Unidos como una organización benéfica pública exenta de impuestos bajo la Sección 501(c)(3) del Código de Rentas Internas.,Virufyは、米国内国歳入庁（IRS）により、内国歳入法第501条（c）（3）に基づく非課税公益法人として認められたカリフォルニア州の非営利法人です。
footer.ts,nonProfitSection.textTwo,©2025 فيروفي | فيروفي هي علامة تجارية لمؤسسة الكشف عن كوفيد، وهي مؤسسة غير ربحية في كاليفورنيا | جميع الحقوق محفوظة,"©2025 Virufy | VIRUFY is a trademark of The Covid Detection Foundation, a California nonprofit corporation | All rights reserved","©2025 Virufy | VIRUFY es una marca registrada de The Covid Detection Foundation, una corporación sin fines de lucro en California | Todos los derechos reservados",©2025 Virufy | VIRUFYは、カリフォルニア州の非営利団体The Covid Detection Foundationの商標です。 | 無断転載禁止
footer.ts,cookiePolicy.body.2.answer.5.content.2.type,,link,link,link
footer.ts,cookiePolicy.body.2.answer.5.content.2.text,,opt-out of Google Analytics,excluirte de Google Analytics,Google Analytics
footer.ts,cookiePolicy.body.2.answer.5.content.2.href,,https://tools.google.com/dlpage/gaoptout,https://tools.google.com/dlpage/gaoptout,https://tools.google.com/dlpage/gaoptout
footer.ts,cookiePolicy.body.2.answer.5.content.3.type,,text,text,text
footer.ts,cookiePolicy.body.2.answer.5.content.3.text,,.,.,。
footer.ts,cookiePolicy.body.3.answer.1.type,,paragraph,paragraph,paragraph
footer.ts,cookiePolicy.body.3.answer.1.content.0.type,,text,text,text
footer.ts,cookiePolicy.body.3.answer.1.content.0.text,,"By using our Cookie Consent Banner, you can select the categories of cookies which you choose to accept or reject. The Cookie Consent Banner can be found in the notification banner and on our Website. You can change or revoke consent for your cookie policies directly from the website by clicking “Cookie settings” at the bottom of the page.","Al utilizar nuestro Banner de Consentimiento de Cookies, puedes seleccionar las categorías de cookies que deseas aceptar o rechazar. El Banner de Consentimiento de Cookies se encuentra en la notificación emergente y en nuestro Sitio web. Puedes cambiar o revocar tu consentimiento directamente desde el sitio web haciendo clic en ""Configuración de cookies"" al pie de la página.",当社のクッキー同意バナーを使用することで、受け入れるか拒否するかクッキーのカテゴリーを選択することができます。クッキー同意バナーは、通知バナーと当社のウェブサイトにあります。お客様は、ページ下部にある「クッキー設定」をクリックすることで、ウェブサイトから直接、クッキーポリシーの同意を変更または取り消すことができます。
footer.ts,cookiePolicy.body.3.answer.2.type,,paragraph,paragraph,paragraph
footer.ts,cookiePolicy.body.3.answer.2.content.0.type,,text,text,text
footer.ts,cookiePolicy.body.3.answer.2.content.0.text,,"If you choose not to click on “Got it!”, or do not close the message, you may still use our Website. You may also refuse to accept cookies from this Website at any time by activating the setting on your browser which allows you to refuse cookies.","Si decides no hacer clic en ""¡Entendido!"" o no cierras el mensaje, aún puedes utilizar nuestro Sitio web. También puedes rechazar cookies de este Sitio web en cualquier momento activando la configuración en tu navegador que te permite rechazarlas.",お客様が「同意する」をクリックしない場合、またはメッセージを閉じない場合でも、引き続き当社のウェブサイトを使用することができます。また、お客様は、お使いのブラウザからクッキーを拒否する設定を有効にすることで、いつでも当社のウェブサイトからのクッキーの受け取りを拒否することができます。
footer.ts,cookiePolicy.body.3.answer.3.type,,paragraph,paragraph,paragraph
footer.ts,cookiePolicy.body.3.answer.3.content.0.type,,text,text,text
footer.ts,cookiePolicy.body.3.answer.3.content.0.text,,Please follow the links below to helpful information for the most popular browsers:,Consulta los siguientes enlaces para obtener información útil sobre los navegadores más populares:,最も一般的なブラウザについては、以下のリンクから役立つ情報をご覧ください:
footer.ts,cookiePolicy.body.3.answer.4.type,,paragraph,paragraph,paragraph
footer.ts,cookiePolicy.body.3.answer.4.content.0.type,,link,link,link
footer.ts,cookiePolicy.body.3.answer.4.content.0.text,,Apple Safari,Apple Safari,Apple Safari
footer.ts,cookiePolicy.body.3.answer.4.content.0.href,,https://support.apple.com/en-us/105082,https://support.apple.com/en-us/105082,https://support.apple.com/en-us/105082
footer.ts,cookiePolicy.body.3.answer.4.content.1.type,,text,text,text
footer.ts,cookiePolicy.body.3.answer.4.content.1.text,,", ",", ",", "
footer.ts,cookiePolicy.body.3.answer.4.content.2.type,,link,link,link
footer.ts,cookiePolicy.body.3.answer.4.content.2.text,,Google Chrome,Google Chrome,Google Chrome
footer.ts,cookiePolicy.body.3.answer.4.content.2.href,,https://support.google.com/chrome/answer/95647?co=GENIE.Platform%3DDesktop&hl,https://support.google.com/chrome/answer/95647?co=GENIE.Platform%3DDesktop&hl,https://support.google.com/chrome/answer/95647?co=GENIE.Platform%3DDesktop&hl
footer.ts,cookiePolicy.body.3.answer.4.content.3.type,,text,text,text
footer.ts,cookiePolicy.body.3.answer.4.content.3.text,,", ",", ",", "
footer.ts,cookiePolicy.body.3.answer.4.content.4.type,,link,link,link
footer.ts,cookiePolicy.body.3.answer.4.content.4.text,,Microsoft Edge,Microsoft Edge,Microsoft Edge
footer.ts,cookiePolicy.body.3.answer.4.content.4.href,,https://support.microsoft.com/en-us/help/10607/microsoft-edge-view-delete-browser-history,https://support.microsoft.com/en-us/help/10607/microsoft-edge-view-delete-browser-history,https://support.microsoft.com/en-us/help/10607/microsoft-edge-view-delete-browser-history
footer.ts,cookiePolicy.body.3.answer.4.content.5.type,,text,text,text
footer.ts,cookiePolicy.body.3.answer.4.content.5.text,,", ",", ",", "
footer.ts,cookiePolicy.body.3.answer.4.content.6.type,,link,link,link
footer.ts,cookiePolicy.body.3.answer.4.content.6.text,,Microsoft Internet Explorer,Microsoft Internet Explorer,Microsoft Internet Explorer
footer.ts,cookiePolicy.body.3.answer.4.content.6.href,,https://support.microsoft.com/en-gb/help/17442/windows-internet-explorer-delete-manage-cookies,https://support.microsoft.com/en-gb/help/17442/windows-internet-explorer-delete-manage-cookies,https://support.microsoft.com/en-gb/help/17442/windows-internet-explorer-delete-manage-cookies
footer.ts,cookiePolicy.body.3.answer.4.content.7.type,,text,text,text
footer.ts,cookiePolicy.body.3.answer.4.content.7.text,,", ",", ",", "
footer.ts,cookiePolicy.body.3.answer.4.content.8.type,,link,link,link
footer.ts,cookiePolicy.body.3.answer.4.content.8.text,,Mozilla Firefox,Mozilla Firefox,Mozilla Firefox
footer.ts,cookiePolicy.body.3.answer.4.content.8.href,,https://support.mozilla.org/en-US/kb/enable-and-disable-cookies-website-preferences,https://support.mozilla.org/en-US/kb/enable-and-disable-cookies-website-preferences,https://support.mozilla.org/en-US/kb/enable-and-disable-cookies-website-preferences
footer.ts,cookiePolicy.body.3.answer.4.content.9.type,,text,text,text
footer.ts,cookiePolicy.body.3.answer.4.content.9.text,,", ",", ",", "
footer.ts,cookiePolicy.body.3.answer.4.content.10.type,,link,link,link
footer.ts,cookiePolicy.body.3.answer.4.content.10.text,,Opera,Opera,Opera
footer.ts,cookiePolicy.body.3.answer.4.content.10.href,,https://blogs.opera.com/news/2015/08/how-to-manage-cookies-in-opera/,https://blogs.opera.com/news/2015/08/how-to-manage-cookies-in-opera/,https://blogs.opera.com/news/2015/08/how-to-manage-cookies-in-opera/
home.ts,introSection.text,Virufy رحبًا بك في,Welcome to Virufy,Bienvenido a Virufy,Virufyへようこそ
home.ts,introSection.text2,رفيقك الرقمي للصحة,Your Digital Health Companion,Tu Compañero de Salud Digital,あなたのデジタルヘルスパートナー
home.ts,introSection.subText.0.0.type,text,text,text,span
home.ts,introSection.subText.0.0.text,"مقدمة عن ","Introducing ","Presentamos ",Virufy
home.ts,introSection.subText.0.1.type,span,span,span,text
home.ts,introSection.subText.0.1.text,Virufy,Virufy,Virufy,は、高度な音声処理技術と生成AIアルゴリズムを活用し、呼吸パターンを分析することで、潜在的な感染症の兆候を把握する最先端のアプリです。
home.ts,introSection.subText.0.2.type,text,text,text,
home.ts,introSection.subText.0.2.text,", التطبيق المتطور الذي يستخدم خوارزميات الصوت المتقدمة والذكاء الاصطناعي التوليدي لتحليل أنماط تنفسك وتقديم رؤى حول أعراض العدوى المحتملة.",", the cutting-edge app that utilizes advanced audio and generative AI algorithms to analyze your breathing and cough patterns and provide insights into potential infection symptoms.",", la aplicación de vanguardia que utiliza algoritmos avanzados de audio e IA generativa para analizar tus patrones de respiración y proporcionar información sobre posibles síntomas de infección.",
home.ts,introSection.subText.1.0.type,text,text,text,text
home.ts,introSection.subText.1.0.text,نهجنا المبتكر يهدف إلى تقديم فحص أولي متقدّم لأمراض الجهاز التنفسي للمرضى والأطباء والحكومات، خاصة في البلدان منخفضة الدخل.," Our innovative approach aims to offer superior respiratory disease pre-screening for patients, clinicians and governments, especially in low-income countries.","Nuestro enfoque innovador tiene como objetivo ofrecer una detección previa superior de enfermedades respiratorias para pacientes, médicos y gobiernos, especialmente en países de bajos ingresos.",私たちの革新的なアプローチは、特に所得の低い国々において、患者、臨床医、そして政府機関に対し、より優れた呼吸器疾患のプレスクリーニング（事前スクリーニング）を提供することを目指しています。
home.ts,introSection.subText.2.0.type,text,text,text,text
home.ts,introSection.subText.2.0.text,نطمح لأن نكون المنظمة غير الربحية الرائدة في مجال الكشف عن الأمراض باستخدام التكنولوجيا، من خلال إحداث تحول في الرعاية الصحية العالمية وإلهام الآخرين لدعم هذه المهمة والاستثمار فيها معنا.," We aspire to be the leading nonprofit organization for technology-enabled disease identification, transforming global healthcare and inspiring others to support and invest in this mission with us.","Aspiramos a ser la organización sin fines de lucro líder en la identificación de enfermedades mediante tecnología, transformando la atención médica global e inspirando a otros a apoyar e invertir en esta misión con nosotros.",私たちは、テクノロジーで病気の特定を可能にする分野において、世界をリードする非営利団体になるという高い目標を掲げています。世界の医療に変革をもたらし、より多くの方々がこのミッションを私たちと共に支援し、投資してくださるよう働きかけていきます。
home.ts,introSection.buttonText,أرسل صوت سعالك,Share your cough,Comparte tu tos,咳の音を送信する
home.ts,introSection.disclaimers.0,*أي جهاز يحتوي على متصفح ويب وميكروفون (مثل iPhone، Android، الكمبيوتر المحمول، iPad).,"*Any device with a web browser and microphone (e.g. iPhone, Android, laptop, iPad).","*Cualquier dispositivo con un navegador web y micrófono (por ejemplo, iPhone, Android, laptop, iPad).",*ウェブブラウザとマイクを搭載したデバイス（iPhone、Android、パソコン、iPadなど）
home.ts,introSection.disclaimers.1,*التطبيق لا يزال قيد التطوير، دعمنا من خلال المساهمة بأصوات سعالكم في تطبيق جمع البيانات لدينا.,"*The app is still under development, support us by contributing your cough sounds into our data collection app.","*La aplicación aún está en desarrollo, apóyanos contribuyendo con tus sonidos de tos en nuestra aplicación de recolección de datos.",*現在、アプリは開発中です。データ収集のため、データ提供のご協力お願いします。
home.ts,introSection.mainText2,كيف يعمل,How It Works,Cómo Funciona,仕組み
home.ts,introSection.subText2.0.type,text,text,text,text
home.ts,introSection.subText2.0.text,"مع مجرد سعال متعمد في ميكروفون جهازك، ","With just a simple intentional cough into your device's microphone, ","Con solo una simple tos intencional en el micrófono de tu dispositivo, ",デバイスのマイクに向かって咳をするだけで、
home.ts,introSection.subText2.1.type,span,span,span,span
home.ts,introSection.subText2.1.text,Virufy,Virufy,Virufy,Virufy
home.ts,introSection.subText2.2.type,text,text,text,text
home.ts,introSection.subText2.2.text," يستخدم قوة الذكاء الاصطناعي لاكتشاف أنماط الصوت الفريدة المرتبطة بالأمراض التنفسية، مثل COVID-19، السل، الإنفلونزا، RSV، مرض الانسداد الرئوي المزمن، والربو."," harnesses the power of artificial intelligence to detect unique sound patterns associated with respiratory diseases, such as COVID-19, TB, flu, RSV, COPD, and asthma."," aprovecha el poder de la inteligencia artificial para detectar patrones de sonido únicos asociados con enfermedades respiratorias, como COVID-19, tuberculosis, gripe, RSV, EPOC y asma.",は人工知能を活用し、新型コロナウイルス、結核、インフルエンザ、RSウイルス、COPD、喘息などの呼吸器疾患に関連する独自の音パターンを検出します。
home.ts,section2.text,صحتك هي أولويتنا,"Your Health, Our Priority","Tu Salud, Nuestra Prioridad",あなたの健康は私たちの最優先事項
home.ts,section2.subtext,في فيروفي، صحتك هي محور كل ما نقوم به. نحن نولي الأولوية للخصوصية، مما يضمن أن تظل بياناتك آمنة وسرية.,"At Virufy, your well-being is at the heart of everything we do. We prioritize privacy, ensuring that your data remains secure and confidential.","En Virufy, tu bienestar está en el centro de todo lo que hacemos. Priorizamos la privacidad, asegurando que tus datos se mantengan seguros y confidenciales.",Virufyは、あなたの健康を第一に考えています。私たちはプライバシーを重視し、お客様のデータが安全かつ機密に保護されることを保証します。
home.ts,section2.title.0,تحليل فوري,Instant Analysis,Análisis Instantáneo,即時分析
home.ts,section2.title.1,خصوصية في المنزل,At-home Anonymity,Anonimato en Casa,匿名でどこでも使用可能
home.ts,section2.title.2,واجهة مستخدم سهلة,User-Friendly Interface,Interfaz Amigable,使いやすいインターフェース
home.ts,section2.sub.0,استجابة سريعة لخصائص السعال الخاصة بك ونمط الشذوذ بناءً على نمط صوت السعال,Rapid feedback on your cough's characteristics and abnormality profile based on the sound pattern of your cough,Retroalimentación rápida sobre las características de tu tos y el perfil de anomalía basado en el patrón de sonido de tu tos.,咳の音のパターンに基づいて、咳の特徴と異常に関するフィードバックをすぐに受け取ることができます。
home.ts,section2.sub.1,اشعر بالأمان عندما تعلم أن نتائجك مخصصة لعينيك فقط.,Feel secure knowing that your results are only for your eyes.,Siéntete seguro sabiendo que tus resultados son solo para ti.,結果はあなたのみが見ることになるため、安心してお使いいただけます。
home.ts,section2.sub.2,تصميم بديهي لسهولة التنقل وتجربة مستخدم سلسة.,Intuitive design for easy navigation and seamless user experience.,Diseño intuitivo para facilitar la navegación y una experiencia de usuario fluida.,直感的なデザインで、簡単に操作でき、シームレスな顧客体験を実現します。
home.ts,section2.disclaimer,*فيروفي ليس بديلاً عن الاستشارة الطبية المهنية أو التشخيص أو العلاج. يُنصح المستخدمون بالتشاور مع مقدم رعاية صحية مرخص بشأن أي مخاوف أو قرارات طبية.,"*Virufy is not a substitute for professional medical advice, diagnosis, or treatment. Users are advised to consult a licensed healthcare provider for any medical concerns or decisions.",*Virufy no reemplazará a un médico y te recuerda que es tu responsabilidad buscar asesoramiento médico de tu doctor.,*AIによる分析結果であり、詳細については専門の医療機関での診断を推奨しております。
home.ts,section2.buttonText,تقنيتنا,Our Technology,Nuestra Tecnología,私たちの技術
jobDetails.ts,1.title,مهندس برمجيات,Software Engineer,Ingeniero de Software,ソフトウェアエンジニア
jobDetails.ts,1.description,يعمل فريقنا من المتطوعين بدوام جزئي مع التعلم الآلي، والتعلم العميق، وتحليل الإشارات لتحليل الصوت في بيئة طبية. نحن نرحب بالأفراد الذين لديهم خبرة مهنية في هذه المجالات للتقديم. سيكون المرشح مغمورًا في بيئة تعاونية جنبًا إلى جنب مع مهندسي الذكاء الاصطناعي والمرشدين.,"Our team of part-time volunteers works with machine learning, deep learning, and signal analysis for audio analysis in a medical setting. We welcome individuals with professional experience in these domains to apply. The candidate will be immersed in a collaborative environment alongside AI engineers and mentors.","Nuestro equipo de voluntarios a tiempo parcial trabaja con aprendizaje automático, aprendizaje profundo y análisis de señales para el análisis de audio en un entorno médico. Damos la bienvenida a individuos con experiencia profesional en estos dominios para postular. El candidato estará inmerso en un entorno colaborativo junto a ingenieros de IA y mentores.",私たちのパートタイムボランティアチームは、医療現場での音声解析のための機械学習、深層学習、信号解析に取り組んでいます。これらの分野でのプロフェッショナルな経験を持つ方々を歓迎します。候補者は、AIエンジニアやメンターと協力する環境で働くことになります。
jobDetails.ts,1.responsibilities.0,مساعدة في توسيع نهج التعلم الآلي المتقدم لدينا للكشف عن COVID من السعال.,Assist in scaling our state-of-the-art ML approaches for detecting COVID from coughs.,Ayudar a escalar nuestros enfoques de aprendizaje automático de vanguardia para detectar COVID a partir de toses.,咳からCOVIDを検出するための最先端のMLアプローチをスケーリングするのを支援する。
jobDetails.ts,1.responsibilities.1,تدريب، بناء، ونشر نماذج الذكاء الاصطناعي في الإنتاج.,"Train, build, and deploy AI models into production.","Entrenar, construir y desplegar modelos de IA en producción.",AIモデルを訓練、構築、そして本番環境へデプロイする。
jobDetails.ts,1.responsibilities.2,إنتاج كود نظيف وواجهات برمجة التطبيقات (APIs) لتسهيل الفهم داخل الفريق.,Produce clean code and APIs to facilitate understanding within the team.,Producir código limpio y APIs para facilitar la comprensión dentro del equipo.,チーム内での理解を促進するために、クリーンなコードとAPIを作成する。
jobDetails.ts,1.responsibilities.3,التعاون مع إدارة المنتجات والقيادة لتلبية التوقعات.,Collaborate with product management and leadership to deliver on expectations.,Colaborar con la gestión de productos y liderazgo para cumplir con las expectativas.,プロダクトマネジメントやリーダーシップと協力して期待に応える。
jobDetails.ts,1.responsibilities.4,بناء بنية تحتية لتحويل البيانات وتحميل البيانات.,Build data ingest and data transformation infrastructure.,Construir infraestructura para la ingesta de datos y la transformación de datos.,データ取り込みおよびデータ変換インフラを構築する。
jobDetails.ts,1.responsibilities.5,معالجة واستخراج المميزات من مجموعة واسعة من أنواع بيانات الإدخال.,Process and feature extract from a wide array of input data types.,Procesar y extraer características de una amplia variedad de tipos de datos de entrada.,さまざまな入力データタイプから特徴抽出を行う。
jobDetails.ts,1.responsibilities.6,تحديد فرص التعلم التحويلي وبيانات التدريب المساعدة.,Identify transfer learning opportunities and auxiliary training datasets.,Identificar oportunidades de aprendizaje por transferencia y conjuntos de datos auxiliares para entrenamiento.,転移学習の機会や補助的な訓練データセットを特定する。
jobDetails.ts,1.desiredSkills.0,1-2 سنوات من الخبرة في العمل مع الأطر التكنولوجية والمصادر المفتوحة في دور مهندس برمجيات.,1-2 years of experience working with frameworks and open source technologies in an SDE role.,1-2 años de experiencia trabajando con marcos y tecnologías de código abierto en un rol de SDE.,SDEの役割でフレームワークやオープンソース技術を使用して1〜2年の経験。
jobDetails.ts,1.desiredSkills.1,شغف واهتمام برسالة فيروفي. الالتزام بالحضور في الاجتماعات اليومية في الوقت المحدد، والتواصل بشكل فعال، ومشاركة الدروس مع الفريق.,"Passionate and committed to the Virufy mission. Show up to stand-up meetings on time, communicate effectively, and share learnings with the team.","Apasionado y comprometido con la misión de Virufy. Asistir a las reuniones de pie a tiempo, comunicarse eficazmente y compartir aprendizajes con el equipo.",Virufyのミッションに情熱を持ち、積極的に貢献できること。スタンドアップミーティングに時間通りに参加し、効果的にコミュニケーションを取り、学びをチームと共有する。
jobDetails.ts,1.desiredSkills.2,خبرة قوية في البرمجة بلغة Python مع أدوات مثل Pandas وNumPy وLibrosa.,"Strong Python programming experience with toolkits such as Pandas, NumPy, Librosa.","Sólida experiencia en programación Python con herramientas como Pandas, NumPy, Librosa.",Pandas、NumPy、Librosaなどのツールキットを使用した強力なPythonプログラミングの経験。
jobDetails.ts,1.desiredSkills.3,ميزة إضافية: خبرة في تدريب النماذج باستخدام أطر مثل Scikit-learn وTensorflow وPytorch وKeras.,"Bonus: Experience in training models with frameworks like Scikit-learn, Tensorflow, Pytorch, Keras.","Bonus: Experiencia en entrenamiento de modelos con marcos como Scikit-learn, Tensorflow, Pytorch, Keras.",ボーナス：Scikit-learn、Tensorflow、Pytorch、Kerasなどのフレームワークを使用したモデル訓練の経験。
jobDetails.ts,1.desiredSkills.4,ميزة إضافية: خبرة عملية في برمجة الذكاء الاصطناعي في (منتجات المؤسسات على وجه التحديد).,Bonus: Hands-on AI programming experience working on (ideally) enterprise products.,Bonus: Experiencia práctica en programación de IA trabajando en productos (idealmente) empresariales.,ボーナス：エンタープライズ製品でのAIプログラミングの実務経験。
jobDetails.ts,1.desiredSkills.5,ميزة إضافية: خبرة في استخدام الذكاء الاصطناعي في الرعاية الصحية في الدراسات السريرية وحل المشكلات الواقعية.,Bonus: Experience using AI for healthcare in clinical research studies and solving real-world problems.,Bonus: Experiencia utilizando IA para la atención médica en estudios de investigación clínica y resolución de problemas del mundo real.,ボーナス：臨床研究でAIを使用した経験、および実世界の問題を解決する経験。
jobDetails.ts,1.hours.0,الحد الأدنى 15-20 ساعة في الأسبوع، بما في ذلك الاجتماعات اليومية، ومراجعة السبرينت، والاجتماعات الأخرى,"Minimum 15-20 hours per week, including stand-up, sprint review, and other meetings","Mínimo de 15-20 horas por semana, incluyendo reuniones de pie, revisión de sprints y otras reuniones.",毎週最低15〜20時間、スタンドアップ、スプリントレビュー、その他の会議を含む。
jobDetails.ts,1.questions.0,تواصل مع frederick.cosper@virufy.org وسنرد عليك بسرعة.,Reach out to frederick.cosper@virufy.org and we will get back to you promptly.,Comuníquese con frederick.cosper@virufy.org y le responderemos rápidamente.,frederick.cosper@virufy.orgまでご連絡いただければ、迅速に対応いたします。
jobDetails.ts,2.title,مهندس تعلم آلي,Machine Learning Engineer,Ingeniero de Aprendizaje Automático,機械学習エンジニア
jobDetails.ts,2.description,يعمل فريقنا من المتطوعين بدوام جزئي مع التعلم الآلي، والتعلم العميق، وتحليل الإشارات لتحليل الصوت في بيئة طبية. نحن نرحب بالأفراد الذين لديهم خبرة مهنية في هذه المجالات للتقديم. سيكون المرشح مغمورًا في بيئة تعاونية جنبًا إلى جنب مع مهندسي الذكاء الاصطناعي والمرشدين.,"Our team of part-time volunteers works with machine learning, deep learning, and signal analysis for audio analysis in a medical setting. We welcome individuals with professional experience in these domains to apply. The candidate will be immersed in a collaborative environment alongside AI engineers and mentors.","Nuestro equipo de voluntarios a tiempo parcial trabaja con aprendizaje automático, aprendizaje profundo y análisis de señales para el análisis de audio en un entorno médico. Damos la bienvenida a individuos con experiencia profesional en estos dominios para postular. El candidato estará inmerso en un entorno colaborativo junto a ingenieros de IA y mentores.",私たちのパートタイムボランティアチームは、医療現場での音声解析のための機械学習、深層学習、信号解析に取り組んでいます。これらの分野でのプロフェッショナルな経験を持つ方々を歓迎します。候補者は、AIエンジニアやメンターと協力する環境で働くことになります。
jobDetails.ts,2.responsibilities.0,الحفاظ على خط أنابيب ETL للبيانات.,Maintain the ETL Pipeline For Data.,Mantener la tubería ETL para datos.,データのETLパイプラインを維持する。
jobDetails.ts,2.responsibilities.1,معالجة البيانات لنماذج التعلم الآلي.,Pre-process data for machine learning models.,Preprocesar datos para modelos de aprendizaje automático.,機械学習モデルのためのデータ前処理を行う。
jobDetails.ts,2.responsibilities.2,حضور الاجتماعات الأسبوعية مع الفريق لمناقشة التقدم والتحديثات.,Attend Weekly Team Meetings To Discuss Progress & Status Updates.,Asistir a reuniones semanales del equipo para discutir avances y actualizaciones de estado.,進捗状況を議論し、状況更新を行うためのチーム会議に参加する。
jobDetails.ts,2.responsibilities.3,أداء أي واجبات إدارية أخرى حسب الحاجة لفريق التعلم الآلي.,Perform any other administrative duties as needed for the Machine Learning team.,Realizar cualquier otra tarea administrativa según sea necesario para el equipo de Aprendizaje Automático.,機械学習チームに必要なその他の管理業務を行う。
jobDetails.ts,2.minQualifications.0,السن 18 أو أكثر,Age 18 or over,Edad de 18 años o más.,18歳以上
jobDetails.ts,2.minQualifications.1,مصرح قانونًا للعمل في الولايات المتحدة (نحن لا نقدم تأشيرات عمل),Legally authorized to work in the United States (We do not sponsor Visas),Autorizado legalmente para trabajar en los Estados Unidos (No patrocinamos visas).,米国での合法的な就労資格（ビザのスポンサーはありません）
jobDetails.ts,2.minQualifications.2,خريج الثانوية العامة أو شهادة جامعية,High School Graduate or College Degree,Graduado de secundaria o título universitario.,高校卒業または大学の学位
jobDetails.ts,2.minQualifications.3,هوية صورة سارية (رخصة قيادة أو جواز سفر),Valid Photo ID (Drivers License or Passport),Identificación con foto válida (licencia de conducir o pasaporte).,有効な写真付き身分証明書（運転免許証またはパスポート）
jobDetails.ts,2.desiredSkills.0,خبرة في Python وPandas أو مكتبات البيانات المشابهة.,Experience With Python & Pandas or similar data libraries.,Experiencia con Python y Pandas o bibliotecas de datos similares.,PythonとPandasまたは同様のデータライブラリの経験。
jobDetails.ts,2.desiredSkills.1,خبرة في AWS S3 أو أنظمة تخزين البيانات المشابهة.,Experience With AWS S3 or similar data storage systems.,Experiencia con AWS S3 o sistemas de almacenamiento de datos similares.,AWS S3または同様のデータストレージシステムの経験。
jobDetails.ts,2.desiredSkills.2,خبرة في كتابة نصوص Bash غير تافهة أو أتمتة مشابهة.,Experience In Writing Non Trivial Bash Scripts or similar automation,Experiencia escribiendo scripts Bash no triviales o automatización similar.,非トリビアルなBashスクリプトまたは同様の自動化の記述経験。
jobDetails.ts,2.desiredSkills.3,إصدار التعليمات البرمجية (Git),Code versioning (Git),Control de versiones de código (Git).,コードバージョニング（Git）
jobDetails.ts,2.desiredSkills.4,القدرة على البرمجة بشكل مستقل,Ability To Program Independently,Capacidad para programar de forma independiente.,独立してプログラムする能力。
jobDetails.ts,2.desiredSkills.5,معرفة خطوط أنابيب ETL الفعالة والقابلة للتطوير,"Knowledge of efficient, scalable ETL pipelines",Conocimiento de tuberías ETL eficientes y escalables.,効率的でスケーラブルなETLパイプラインの知識。
jobDetails.ts,2.desiredSkills.6,موقف قيادي (مبادر),Leadership attitude (self starter),Actitud de liderazgo (autodidacta).,リーダーシップ態度（セルフスターター）。
jobDetails.ts,2.hours.0,المنصب يستمر لمدة 6 أشهر. يُطلب منك استثمار ما بين 10-15 ساعة في الأسبوع في تطوير دورك داخل هذه المنظمة.,The position lasts for 6 months. You are requested to invest between 10-15 hours per week in your development of your role within this organization.,El puesto tiene una duración de 6 meses. Se solicita invertir entre 10-15 horas por semana en el desarrollo de su rol dentro de esta organización.,6ヶ月間のポジションで、週に10〜15時間の役割を果たすことが求められます。
jobDetails.ts,2.questions.0,تواصل مع frederick.cosper@virufy.org وسنرد عليك بسرعة.,Reach out to frederick.cosper@virufy.org and we will get back to you promptly.,Comuníquese con frederick.cosper@virufy.org y le responderemos rápidamente.,frederick.cosper@virufy.orgまでご連絡いただければ、迅速に対応いたします。
jobDetails.ts,3.title,مهندس تعلم آلي (النمذجة),Machine Learning Engineer (Modeling),Ingeniero/a de Aprendizaje Automático (Modelado),機械学習エンジニア（モデリング）
jobDetails.ts,3.description,يعمل فريقنا من المتطوعين بدوام جزئي مع التعلم الآلي، والتعلم العميق، وتحليل الإشارات لتحليل الصوت في بيئة طبية. نحن نرحب بالأفراد الذين لديهم خبرة مهنية في هذه المجالات للتقديم. سيكون المرشح مغمورًا في بيئة تعاونية جنبًا إلى جنب مع مهندسي الذكاء الاصطناعي والمرشدين.,"Our team of part-time volunteers works with machine learning, deep learning, and signal analysis for audio analysis in a medical setting. We welcome individuals with professional experience in these domains to apply. The candidate will be immersed in a collaborative environment alongside AI engineers and mentors.","Nuestro equipo de voluntarios/as a medio tiempo trabaja con aprendizaje automático, aprendizaje profundo y análisis de señales para el análisis de audio en un entorno médico. Damos la bienvenida a personas con experiencia profesional en estos campos. El/la candidato/a estará inmerso/a en un entorno colaborativo junto a ingenieros/as de IA y mentores.",私たちのパートタイムボランティアチームは、医療現場での音声解析のための機械学習、深層学習、信号解析に取り組んでいます。これらの分野でのプロフェッショナルな経験を持つ方々を歓迎します。候補者は、AIエンジニアやメンターと協力する環境で働くことになります。
jobDetails.ts,3.responsibilities.0,البحث العميق وتحديد أحدث أساليب التعلم الآلي للكشف عن COVID من السعال.,Deeply research and identify state-of-the-art ML approaches for detecting COVID from coughs.,Investigar a fondo y seleccionar los enfoques más avanzados de aprendizaje automático para detectar COVID a partir de toses.,咳からCOVIDを検出するための最先端のMLアプローチを深く研究し、特定する。
jobDetails.ts,3.responsibilities.1,تدريب وبناء ونشر نماذج الذكاء الاصطناعي في بيئات الإنتاج.,"Train, build, and deploy AI models into production environments.","Entrenar, construir y desplegar modelos de IA en entornos de producción.",AIモデルを訓練し、本番環境にデプロイする。
jobDetails.ts,3.responsibilities.2,إنتاج أكواد نظيفة وواجهات برمجة التطبيقات لتسهيل الفهم داخل الفريق.,Produce clean code and APIs to facilitate understanding within the team.,Producir código limpio y APIs para facilitar la comprensión dentro del equipo.,チーム内での理解を促進するために、クリーンなコードとAPIを作成する。
jobDetails.ts,3.responsibilities.3,التعاون مع إدارة المنتجات والقيادة لتلبية التوقعات.,Collaborate with product management and leadership to deliver on expectations.,Colaborar con el equipo de gestión de producto y liderazgo para cumplir con las expectativas.,プロダクトマネジメントやリーダーシップと協力して期待に応える。
jobDetails.ts,3.responsibilities.4,بناء بنية تحتية لاستخراج البيانات وتحويلها.,Build data ingest and data transformation infrastructure.,Construir infraestructura para la ingestión y transformación de datos.,データ取り込みおよびデータ変換インフラを構築する。
jobDetails.ts,3.responsibilities.5,معالجة واستخراج الميزات من مجموعة واسعة من أنواع بيانات الإدخال.,Process and feature extract from a wide array of input data types.,Procesar y extraer características de una amplia variedad de tipos de datos de entrada.,さまざまな入力データタイプから特徴抽出を行う。
jobDetails.ts,3.responsibilities.6,تحديد فرص التعلم التحويلي ومجموعات البيانات التدريبية المساعدة.,Identify transfer learning opportunities and auxiliary training datasets.,Identificar oportunidades de aprendizaje por transferencia y conjuntos de datos auxiliares para entrenamiento.,転移学習の機会や補助的な訓練データセットを特定する。
jobDetails.ts,3.responsibilities.7,تنقية النتائج إلى تنسيقات أكاديمية، مثل الورقة البحثية.,"Distill results into academic formats, e.g. research paper.","Sintetizar los resultados en formatos académicos, como artículos de investigación.",結果を学術的形式にまとめ、研究論文を作成する。
jobDetails.ts,3.desiredSkills.0,من 1-2 سنوات من الخبرة في العمل في مجال الذكاء الاصطناعي مع ما لا يقل عن 6 أشهر في معالجة الصوت.,1-2 years of experience working in AI with at least 6 months in audio-processing.,"1-2 años de experiencia trabajando en IA, con al menos 6 meses en procesamiento de audio.",AIで1〜2年の経験（オーディオ処理で6ヶ月以上の経験があると尚良い）。
jobDetails.ts,3.desiredSkills.1,شغف واهتمام برسالة Virufy، والقدرة على التواصل الفعّال، ومشاركة الدروس مع الفريق.,"Passionate and committed to the Virufy mission, communicate effectively, and share learnings with the team.","Pasión y compromiso con la misión de Virufy, buena comunicación y disposición para compartir aprendizajes con el equipo.",Virufyのミッションに情熱を持ち、効果的にコミュニケーションを取り、学びをチームと共有する。
jobDetails.ts,3.desiredSkills.2,خبرة قوية في برمجة Python باستخدام أدوات مثل Pandas، NumPy، Librosa.,"Strong Python programming experience with toolkits such as Pandas, NumPy, Librosa.","Sólida experiencia en programación en Python con herramientas como Pandas, NumPy, Librosa.",Pandas、NumPy、Librosaなどのツールキットを使用した強力なPythonプログラミングの経験。
jobDetails.ts,3.desiredSkills.3,خبرة في تدريب النماذج باستخدام أطر مثل Scikit-learn، Tensorflow، Pytorch، Keras.,"Experience in training models with frameworks like Scikit-learn, Tensorflow, Pytorch, Keras.","Experiencia entrenando modelos con frameworks como Scikit-learn, TensorFlow, PyTorch, Keras.",Scikit-learn、Tensorflow、Pytorch、Kerasなどのフレームワークを使用したモデル訓練の経験。
jobDetails.ts,3.desiredSkills.4,خبرة في MLOps,Experience in MLOPs,Experiencia en MLOps.,MLOpsの経験。
jobDetails.ts,3.desiredSkills.5,قوة في الإحصائيات,Strong in Statistics,Sólidos conocimientos de estadística.,統計に強いこと。
jobDetails.ts,3.desiredSkills.6,خبرة عملية في برمجة الذكاء الاصطناعي في (منتجات مؤسسية) مثالية.,Hands-on AI programming experience working on (ideally) enterprise products.,"Experiencia práctica en programación de IA, idealmente en productos empresariales.",エンタープライズ製品でのAIプログラミングの実務経験。
jobDetails.ts,3.desiredSkills.7,خبرة في استخدام الذكاء الاصطناعي في الرعاية الصحية في الدراسات البحثية السريرية وحل المشكلات الواقعية.,Experience using AI for healthcare in clinical research studies and solving real-world problems.,"Experiencia aplicando IA en salud, estudios clínicos y resolución de problemas del mundo real.",臨床研究でAIを使用した経験、および実世界の問題を解決する経験。
jobDetails.ts,3.hours.0,من 15-20 ساعة في الأسبوع لمدة 6 أشهر.,15-20 hours per week for a 6 month period.,15-20 horas por semana durante un período de 6 meses.,6ヶ月間、毎週15〜20時間。
jobDetails.ts,3.questions.0,تواصل مع frederick.cosper@virufy.org وسنرد عليك بسرعة.,Reach out to frederick.cosper@virufy.org and we will get back to you promptly.,Comuníquese con frederick.cosper@virufy.org y le responderemos a la brevedad.,frederick.cosper@virufy.orgまでご連絡いただければ、迅速に対応いたします。
jobDetails.ts,4.title,مهندس معالجة إشارات الصوت,Audio Signal Processing Engineer,Ingeniero/a de Procesamiento de Señal de Audio,オーディオ信号処理エンジニア
jobDetails.ts,4.description,يعمل فريقنا من المتطوعين بدوام جزئي مع التعلم الآلي، والتعلم العميق، وتحليل الإشارات لتحليل الصوت في بيئة طبية. نحن نرحب بالأفراد الذين لديهم خبرة مهنية في هذه المجالات للتقديم. سيكون المرشح مغمورًا في بيئة تعاونية جنبًا إلى جنب مع مهندسي الذكاء الاصطناعي والمرشدين.,"Our team of part-time volunteers works with machine learning, deep learning, and signal analysis for audio analysis in a medical setting. We welcome individuals with professional experience in these domains to apply. The candidate will be immersed in a collaborative environment alongside AI engineers and mentors.","Nuestro equipo de voluntarios/as a medio tiempo trabaja con aprendizaje automático, aprendizaje profundo y análisis de señales para el análisis de audio en un entorno médico. Damos la bienvenida a personas con experiencia profesional en estos campos. El/la candidato/a estará inmerso/a en un entorno colaborativo junto a ingenieros/as de IA y mentores.",私たちのパートタイムボランティアチームは、医療現場での音声解析のための機械学習、深層学習、信号解析に取り組んでいます。これらの分野でのプロフェッショナルな経験を持つ方々を歓迎します。候補者は、AIエンジニアやメンターと協力する環境で働くことになります。
jobDetails.ts,4.responsibilities.0,المساهمة في تصميم وتحسين معالجة صوت السعال.,Contribute to design and optimize the cough sound audio processing.,Contribuir al diseño y optimización del procesamiento de audio de toses.,咳音のオーディオ処理の設計と最適化に貢献する。
jobDetails.ts,4.responsibilities.1,استعادة الصوت من الصوتيات ذات الجودة الرديئة.,Audio restoration of poor-quality audio.,Restauración de audio de baja calidad.,低品質なオーディオの修復を行う。
jobDetails.ts,4.responsibilities.2,التعاون مع المهندسين لحل المشاكل المتعلقة بالتسليمات.,Engage engineers to troubleshoot issues with deliverables.,Colaborar con otros ingenieros/as para resolver problemas con entregables.,エンジニアと協力して、納品物の問題を解決する。
jobDetails.ts,4.responsibilities.3,إنتاج أكواد نظيفة وواجهات برمجة التطبيقات لتسهيل الفهم داخل الفريق.,Produce clean code and APIs to facilitate understanding within the team.,Producir código limpio y APIs para facilitar la comprensión dentro del equipo.,チーム内での理解を促進するために、クリーンなコードとAPIを作成する。
jobDetails.ts,4.responsibilities.4,التعاون مع إدارة المنتجات والقيادة لتلبية التوقعات.,Collaborate with product management and leadership to deliver on expectations.,Colaborar con el equipo de gestión de producto y liderazgo para cumplir con las expectativas.,プロダクトマネジメントやリーダーシップと協力して期待に応える。
jobDetails.ts,4.responsibilities.5,تنقية النتائج إلى تنسيقات أكاديمية، مثل الورقة البحثية.,"Distill results into academic formats, e.g. research paper.","Sintetizar los resultados en formatos académicos, como artículos de investigación.",結果を学術的形式にまとめ、研究論文を作成する。
jobDetails.ts,4.desiredSkills.0,من 1-2 سنوات من الخبرة في معالجة الصوت.,1-2 years of experience working in audio processing.,1-2 años de experiencia trabajando en procesamiento de audio.,オーディオ処理での1〜2年の経験。
jobDetails.ts,4.desiredSkills.1,خبرة في أطر التعلم الآلي في النمذجة باستخدام بيانات الصوت واستخراج الميزات الصوتية.,Experience with ML frameworks in modeling with audio data and audio feature extraction.,Experiencia con frameworks de aprendizaje automático en modelado con datos de audio y extracción de características.,オーディオデータとオーディオ特徴抽出を使用したモデル化のためのMLフレームワークの経験。
jobDetails.ts,4.desiredSkills.2,درجة بكالوريوس أو أعلى في علوم الكمبيوتر، أو هندسة الكمبيوتر، أو الهندسة الكهربائية.,"Bachelor or above degree in computer science, computer engineering, or electrical engineering.","Título de grado o superior en ciencias de la computación, ingeniería informática o ingeniería electrónica.",コンピュータサイエンス、コンピュータ工学、または電気工学の学士号以上。
jobDetails.ts,4.desiredSkills.3,الإلمام بمكتبات الصوت والصيغ الصوتية الرقمية.,Familiar with audio libraries and digital audio formats.,Familiaridad con bibliotecas de audio y formatos digitales de audio.,オーディオライブラリやデジタルオーディオフォーマットに精通していること。
jobDetails.ts,4.desiredSkills.4,الإلمام بتدفقات العمل لإنتاج الصوت.,Familiarity with audio production workflows.,Familiaridad con flujos de trabajo de producción de audio.,オーディオ制作のワークフローに精通していること。
jobDetails.ts,4.desiredSkills.5,خبرة عملية في برمجة الذكاء الاصطناعي في (منتجات مؤسسية) مثالية.,Hands-on AI programming experience working on (ideally) enterprise products.,"Experiencia práctica en programación de IA, idealmente en productos empresariales.",エンタープライズ製品でのAIプログラミングの実務経験。
jobDetails.ts,4.desiredSkills.6,شغف واهتمام برسالة Virufy، والقدرة على التواصل الفعّال، ومشاركة الدروس مع الفريق.,"Passionate and committed to the Virufy mission, communicate effectively, and share learnings with the team.","Pasión y compromiso con la misión de Virufy, buena comunicación y disposición para compartir aprendizajes con el equipo.",Virufyのミッションに情熱を持ち、効果的にコミュニケーションを取り、学びをチームと共有する。
jobDetails.ts,4.hours.0,من 10-15 ساعة في الأسبوع لمدة 6 أشهر.,10-15 hours per week for a 6 month period.,10-15 horas por semana durante un período de 6 meses.,6ヶ月間、毎週10〜15時間。
jobDetails.ts,4.questions.0,تواصل مع frederick.cosper@virufy.org وسنرد عليك بسرعة.,Reach out to frederick.cosper@virufy.org and we will get back to you promptly.,Comuníquese con frederick.cosper@virufy.org y le responderemos a la brevedad.,frederick.cosper@virufy.orgまでご連絡いただければ、迅速に対応いたします。
jobDetails.ts,5.title,مهندس DevOps,DevOps Engineer,Ingeniero/a DevOps,DevOpsエンジニア
jobDetails.ts,5.description,نبحث عن متطوع بدوام جزئي للعمل مع التعلم الآلي، والتعلم العميق، ومعالجة الإشارات لتحليل الصوت في بيئة طبية. نحن نرحب بالطلاب والمحترفين الذين لديهم خبرة في هذه المجالات. سيكون المرشح مغمورًا في بيئة تعاونية للغاية جنبًا إلى جنب مع مهندسي الذكاء الاصطناعي الكبار والمرشدين.,"Seeking a part-time volunteer to work with machine learning, deep learning, and signal processing for audio analysis in a medical setting. We welcome students and professionals with experience in these domains. The candidate will be immersed in a highly collaborative environment alongside senior AI engineers and mentors.","Buscamos un/a voluntario/a a medio tiempo para trabajar con aprendizaje automático, aprendizaje profundo y procesamiento de señales para análisis de audio en un entorno médico. Damos la bienvenida tanto a estudiantes como a profesionales con experiencia en estos campos. El/la candidato/a estará inmerso/a en un entorno altamente colaborativo junto a ingenieros/as de IA senior y mentores.",私たちのチームは、音声解析のための機械学習、深層学習、信号処理に取り組むパートタイムのボランティアを求めています。これらの分野での経験を持つ学生やプロフェッショナルを歓迎します。候補者は、シニアAIエンジニアやメンターと協力する、非常に協力的な環境で働くことになります。
jobDetails.ts,5.responsibilities.0,بناء خدمات ويب قابلة للتوسع في بيئة AWS.,Build scalable web services in the AWS environment.,Construir servicios web escalables en el entorno de AWS.,AWS環境でスケーラブルなWebサービスを構築する。
jobDetails.ts,5.responsibilities.1,تحديد وتصميم وتنفيذ تحسينات العمليات الداخلية: أتمتة العمليات اليدوية، تحسين تسليم البيانات، إعادة تصميم البنية التحتية لتحقيق قابلية أكبر للتوسع، وما إلى ذلك.,"Identify, design, and implement internal process improvements: automating manual processes, optimizing data delivery, re-designing infrastructure for greater scalability, etc.","Identificar, diseñar e implementar mejoras internas en los procesos: automatización de procesos manuales, optimización del flujo de datos, rediseño de la infraestructura para mayor escalabilidad, etc.",手動プロセスの自動化、データ配信の最適化、インフラの再設計による内部プロセスの改善を設計、実装する。
jobDetails.ts,5.responsibilities.2,بناء البنية التحتية المطلوبة لاستخراج وتحويل وتحميل البيانات من مجموعة متنوعة من مصادر البيانات.,"Build the infrastructure required for optimal extraction, transformation, and loading of data from a wide variety of data sources.","Construir la infraestructura necesaria para una óptima extracción, transformación y carga de datos desde una amplia variedad de fuentes.",さまざまなデータソースからの最適なデータ抽出、変換、読み込みを行うインフラを構築する。
jobDetails.ts,5.responsibilities.3,التعاون مع مهندسين آخرين وخبراء تعلم الآلة، والاستفادة من فرص التعلم والقيادة التي ستنجم عن كل يوم.,"Collaborate with other engineers and ML experts, taking learning and leadership opportunities that will arise every single day.","Colaborar con otros ingenieros/as y expertos en ML, aprovechando las oportunidades de aprendizaje y liderazgo que surgen cada día.",他のエンジニアやMLの専門家と協力し、学習とリーダーシップの機会を活用する。
jobDetails.ts,5.responsibilities.4,الحفاظ على فصل البيانات وأمانها عبر الحدود الوطنية من خلال الامتثال الصارم لبروتوكولات وسياسات أمن المعلومات.,Keep data separated and secure across national boundaries through strict adherence to information security protocols and policies.,Mantener los datos separados y seguros entre fronteras nacionales siguiendo estrictamente los protocolos y políticas de seguridad de la información.,情報セキュリティプロトコルとポリシーに厳密に従って、国境を越えてデータを分離し、安全に保つ。
jobDetails.ts,5.responsibilities.5,إنشاء أدوات بيانات لأعضاء فريق التحليلات وعلماء البيانات تساعدهم في بناء وتحسين منتجنا ليصبح رائدًا عالميًا مبتكرًا.,Create data tools for analytics and data scientist team members that assist them in building and optimizing our product into an innovative world leader.,Crear herramientas de datos para el equipo de analítica y científicos de datos que los ayuden a construir y optimizar nuestro producto como líder innovador a nivel mundial.,革新的な製品に最適化するための分析ツールやデータツールを作成する。
jobDetails.ts,5.responsibilities.6,تقييم جودة البيانات من كل من المصادر الداخلية والخارجية لبناء مجموعات بيانات عالمية المستوى.,Assess the quality of the data from both internal and external data sources to build our world class datasets.,Evaluar la calidad de los datos de fuentes internas y externas para construir nuestros conjuntos de datos de clase mundial.,内部および外部のデータソースからのデータの品質を評価し、世界クラスのデータセットを構築する。
jobDetails.ts,5.minQualifications.0,شغف واهتمام برسالة مشروع Virufy. حضور اجتماعات stand-up في الوقت المحدد، التواصل بفعالية، ومشاركة الدروس مع الفريق.,"Passionate and committed to the Virufy project mission. Show up to stand-up meetings on time, communicate effectively, and share learnings with the team.","Pasión y compromiso con la misión del proyecto Virufy. Asistir puntualmente a las reuniones, comunicarse efectivamente y compartir aprendizajes con el equipo.",Virufyのプロジェクトミッションに情熱を持ち、積極的に貢献できること。スタンドアップミーティングに時間通りに参加し、効果的にコミュニケーションを取り、学びをチームと共有する。
jobDetails.ts,5.minQualifications.1,خبرة مع AWS و/أو Google Cloud Platform.,Experience with AWS and/or Google Cloud Platform.,Experiencia con AWS y/o Google Cloud Platform.,AWSおよび/またはGoogle Cloud Platformの経験。
jobDetails.ts,5.minQualifications.2,خلفية قوية في العمل مع Python وJupyter Notebooks.,Strong background working with Python and Jupyter Notebooks.,Sólida experiencia trabajando con Python y Jupyter Notebooks.,PythonおよびJupyter Notebooksを使用した強力なバックグラウンド。
jobDetails.ts,5.minQualifications.3,خبرة في تدريب النماذج على منصات مثل Keras وTensorFlow.,Experience in training models on platforms such as Keras and TensorFlow.,Experiencia entrenando modelos en plataformas como Keras y TensorFlow.,KerasやTensorFlowなどのプラットフォームでのモデル訓練の経験。
jobDetails.ts,5.desiredSkills.0,5 سنوات من الخبرة العملية المدفوعة.,5+ years of paid work experience.,Más de 5 años de experiencia laboral remunerada.,5年以上の有償業務経験。
jobDetails.ts,5.desiredSkills.1,سنة واحدة من الخبرة في بناء واجهات برمجة التطبيقات باستخدام أطر Flask وBottle أو Django.,"1 year of experience building APIs in Flask, Bottle, or Django frameworks.","1 año de experiencia construyendo APIs en frameworks como Flask, Bottle o Django.",Flask、Bottle、DjangoフレームワークでのAPI構築の1年の経験。
jobDetails.ts,5.desiredSkills.2,خبرة عملية في البرمجة للعمل على قواعد بيانات الصوت.,Hands-on programming experience working on audio databases.,Experiencia práctica en programación con bases de datos de audio.,音声データベースでの実務プログラミング経験。
jobDetails.ts,5.hours.0,من 10-20 ساعة في الأسبوع، بما في ذلك اجتماعات stand-up، واستعراض السبرينت، واجتماعات أخرى.,"10-20 hours per week, including stand-up, sprint review, and other meetings.","10-20 horas por semana, incluyendo reuniones diarias, revisiones de sprint y otras sesiones.",毎週10〜20時間、スタンドアップ、スプリントレビュー、その他の会議を含む。
jobDetails.ts,5.questions.0,تواصل مع frederick.cosper@virufy.org وسنرد عليك بسرعة.,Reach out to frederick.cosper@virufy.org and we will get back to you promptly.,Comuníquese con frederick.cosper@virufy.org y le responderemos a la brevedad.,frederick.cosper@virufy.orgまでご連絡いただければ、迅速に対応いたします。
jobDetails.ts,6.title,مهندس أمن المعلومات,Infosec Engineer,Ingeniero/a de Seguridad Informática (Infosec Engineer),インフォセックエンジニア
jobDetails.ts,6.description,نبحث عن فرد للمساهمة بدوام جزئي كمتطوع والتعاون عن كثب مع فريق الإدارة والتطوير للمساعدة في إدارة القضايا الداخلية لخصوصية البيانات، وربما تحت إشراف من محامين مرخصين كبار.,"Seeking an individual to contribute on a part-time volunteer basis and collaborate closely with the management and development team to help manage the internal data privacy concerns, potentially under mentorship from senior licensed lawyers.","Buscamos una persona para contribuir de forma voluntaria a tiempo parcial y colaborar estrechamente con el equipo de gestión y desarrollo para ayudar a gestionar preocupaciones internas sobre privacidad de datos, potencialmente bajo mentoría de abogados con licencia.",管理チームおよび開発チームと緊密に協力して、内部データプライバシーの懸念に対応するために、パートタイムボランティアとして貢献する個人を探しています。必要に応じて、シニアの弁護士からのメンターシップを受ける可能性があります。
jobDetails.ts,6.responsibilities.0,تصميم وتهيئة متطلبات وتكنولوجيا الأمان للتطبيقات والمنصات عبر الأنظمة.,Design and architect application and cross-platform security requirements and technologies.,Diseñar y estructurar requisitos y tecnologías de seguridad en aplicaciones y plataformas cruzadas.,アプリケーションおよびクロスプラットフォームのセキュリティ要件と技術を設計し、アーキテクチャを作成する。
jobDetails.ts,6.responsibilities.1,تقديم إرشادات بشأن الامتثال والمعايير وقضايا أمان البيانات والمتطلبات.,"Provide guidance on compliance, standards, data security issues, and requirements.","Brindar orientación sobre cumplimiento, estándares, problemas de seguridad de datos y requisitos.",コンプライアンス、標準、データセキュリティの問題や要件に関するガイダンスを提供する。
jobDetails.ts,6.responsibilities.2,تقييم الوضع الأمني وتنفيذ المعايير/المتطلبات للمشروع (التطبيق، المنصة، المتطلبات الوظيفية والفنية).,"Evaluate security posture and implementation of standards/requirements for the project (app, platform, functional and technical requirements).","Evaluar la postura de seguridad y la implementación de estándares/requisitos del proyecto (aplicación, plataforma, requisitos funcionales y técnicos).",プロジェクトのセキュリティ姿勢と標準/要件の実装を評価する（アプリ、プラットフォーム、機能および技術要件）。
jobDetails.ts,6.responsibilities.3,تحليل الشيفرة الثابتة والديناميكية، واختبارات الاختراق، وإنشاء ملف المخاطر.,"Static and dynamic code analysis, penetration testing, risk profile creation.","Análisis estático y dinámico de código, pruebas de penetración, creación de perfiles de riesgo.",静的および動的コード分析、ペネトレーションテスト、リスクプロファイル作成を行う。
jobDetails.ts,6.responsibilities.4,مراقبة مستمرة لحالة الوضع الأمني.,Ongoing monitoring of posture status.,Monitoreo continuo del estado de seguridad.,セキュリティ姿勢の継続的なモニタリングを実施する。
jobDetails.ts,6.responsibilities.5,توثيق ما سبق وتحويل المعرفة.,Documentation of the above and knowledge transfer.,Documentación de lo anterior y transferencia de conocimientos.,上記のドキュメンテーションを作成し、ナレッジトランスファーを行う。
jobDetails.ts,6.responsibilities.6,إذا لزم الأمر - نظرة عامة على السجلات والاستجابة للحوادث.,If needed - overview of logs and response to incidents.,"Revisión de registros y respuesta ante incidentes, si es necesario.",必要に応じて、ログの概要を確認し、インシデントへの対応を行う。
jobDetails.ts,6.minQualifications.0,دراسات أكاديمية أو خبرة مهنية في أمان المعلومات أو خصوصية البيانات.,Academic studies or professional experience in information security or data privacy.,Estudios académicos o experiencia profesional en seguridad de la información o privacidad de datos.,情報セキュリティまたはデータプライバシーにおける学問的研究または専門的経験。
jobDetails.ts,6.minQualifications.1,منظم، متعاون، دقيق، ومتطلع للتكنولوجيا.,"Organized, collaborative, detail-oriented, and tech savvy.","Organizado/a, colaborativo/a, detallista y con conocimientos técnicos.",組織的、協力的、細部に注意を払い、テクノロジーに精通している。
jobDetails.ts,6.minQualifications.2,مهارات تواصل استثنائية واستجابة للبريد الإلكتروني/الرسائل.,Exceptional communication skills and responsive to emails/messaging.,Excelentes habilidades de comunicación y capacidad de respuesta por correo electrónico/mensajería.,優れたコミュニケーションスキルを持ち、メールやメッセージに迅速に対応できる。
jobDetails.ts,6.minQualifications.3,شعور قوي بالمسؤولية والقدرة على تنفيذ المهام بشكل مستقل.,Strong sense of responsibility and ability to carry out tasks independently.,Fuerte sentido de responsabilidad y capacidad para llevar a cabo tareas de forma independiente.,強い責任感を持ち、独立してタスクを遂行できる。
jobDetails.ts,6.desiredSkills.0,خبرة سابقة في منظمة غير ربحية (بما في ذلك البحث أو التدريب).,Previous experience in non-profit organization (including research or internship).,Experiencia previa en organizaciones sin fines de lucro (incluyendo investigación o prácticas).,非営利団体での経験（研究またはインターンシップを含む）。
jobDetails.ts,6.desiredSkills.1,خبرة عملية مع Figma وTrello وSlack.,"Working experience with Figma, Trello, Slack.","Experiencia trabajando con Figma, Trello, Slack.",Figma、Trello、Slackの使用経験。
jobDetails.ts,6.desiredSkills.2,استجابة عالية، مرونة في ساعات العمل، والانتباه للتفاصيل.,"Highly responsive, flexible with hours, and attention to detail.","Alta capacidad de respuesta, flexibilidad horaria y atención al detalle.",非常に応答性が高く、柔軟な勤務時間を持ち、細部に注意を払う。
jobDetails.ts,6.hours.0,من 5-15 ساعة في الأسبوع على أساس تطوعي بدوام جزئي لمدة 3 أشهر القادمة.,5-15 hours per week on a part-time volunteer basis over the next 3 months.,5-15 horas por semana en modalidad voluntaria a tiempo parcial durante los próximos 3 meses.,パートタイムボランティアとして、3ヶ月間にわたって毎週5〜15時間。
jobDetails.ts,6.questions.0,تواصل مع frederick.cosper@virufy.org وسنرد عليك بسرعة.,Reach out to frederick.cosper@virufy.org and we will get back to you promptly.,Escríbenos a frederick.cosper@virufy.org y te responderemos pronto.,frederick.cosper@virufy.orgまでご連絡いただければ、迅速に対応いたします。
jobDetails.ts,7.title,متدرب خصوصية البيانات,Data Privacy Intern,Pasante en Privacidad de Datos (Data Privacy Intern),データプライバシーインターン
jobDetails.ts,7.description,نبحث عن فرد للمساهمة بدوام جزئي كمتطوع والتعاون عن كثب مع إدارة Virufy والفرق القانونية المنتشرة عالميًا للمساعدة في إدارة قضايا خصوصية البيانات للولايات القضائية المحلية.,Seeking an individual to contribute on a part-time volunteer basis and collaborate closely with Virufy management and globally-dispersed legal teams to help manage data privacy concerns for their local jurisdictions.,Buscamos una persona para contribuir de forma voluntaria a tiempo parcial y colaborar estrechamente con la dirección de Virufy y equipos legales globales para ayudar a gestionar preocupaciones de privacidad de datos según las normativas locales.,パートタイムボランティアとして貢献し、Virufyの管理チームおよび世界中に分散した法務チームと緊密に協力して、地域のデータプライバシーの懸念に対応する個人を求めています。
jobDetails.ts,7.responsibilities.0,مراجعة وتكييف المستندات القانونية المتعلقة بالتنظيم المحلي التي يتم صياغتها من قبل المستشارين القانونيين الكبار مثل سياسة الخصوصية، استمارة الموافقة، سياسة ملفات تعريف الارتباط، وتقييم تأثير حماية البيانات (DPIA).,"Review and adapt to local regulation legal documents drafted by senior legal counsel such as Privacy Policy, Consent Form, Cookie Policy, and DPIA.","Revisar y adaptar documentos legales redactados por abogados sénior como la Política de Privacidad, Formulario de Consentimiento, Política de Cookies y DPIA.",プライバシーポリシー、同意書、クッキーポリシー、DPIAなど、シニア法務顧問が作成した法的文書をローカル規制に合わせてレビューおよび適応する。
jobDetails.ts,7.responsibilities.1,تقديم المشورة للإدارة وفرق أمن المعلومات بشأن السياسات المتعلقة بأمن البيانات وفقًا للتنظيمات المحلية.,Advise management and infosec teams on relevant data security policies for local regulations.,Asesorar a la dirección y equipos de seguridad informática sobre políticas de protección de datos pertinentes a las regulaciones locales.,ローカル規制に関連するデータセキュリティポリシーについて、管理チームおよびインフォセックチームに助言する。
jobDetails.ts,7.responsibilities.2,البحث في أسئلة خصوصية وحماية البيانات التي يطرحها القيادة والمتعلقة بمنطقتك المحلية، مثل CCPA وGDPR وLGPD.,"Research data privacy and protection questions raised from leadership as relevant to your locality, such as for CCPA, GDPR, and LGPD.","Investigar preguntas sobre privacidad de datos y protección relevantes para tu localidad, como CCPA, GDPR y LGPD.",CCPA、GDPR、LGPDなど、地域の規制に関連するデータプライバシーおよび保護に関する質問を調査する。
jobDetails.ts,7.responsibilities.3,دعم الردود على الاستفسارات من السلطات الحكومية وطلبات الأفراد مثل حذف البيانات وقابلية نقل البيانات.,Support responses to inquiries from government authorities and individual requests such as data deletion and data portability.,Apoyar las respuestas a solicitudes de autoridades gubernamentales y requerimientos individuales como eliminación o portabilidad de datos.,政府当局からの問い合わせや、データ削除やデータ可搬性などの個別リクエストへの対応をサポートする。
jobDetails.ts,7.responsibilities.4,ترجمة وتكييف المستندات القانونية حسب الحاجة.,Translate and localize legal documents as necessary.,Traducir y localizar documentos legales cuando sea necesario.,必要に応じて、法的文書を翻訳し、ローカライズする。
jobDetails.ts,7.minQualifications.0,شهادة في خصوصية البيانات في البلد المستهدف للمرشح.,Data privacy certification in the candidate’s target country.,Certificación en privacidad de datos en el país de residencia del candidato.,候補者の対象国でのデータプライバシー認証。
jobDetails.ts,7.minQualifications.1,منظم، متعاون، دقيق، ومتطلع للتكنولوجيا مع مهارات تواصل استثنائية واستجابة للبريد الإلكتروني/الرسائل.,"Organized, collaborative, detail-oriented, and tech savvy with exceptional communication skills and responsive to emails/messaging.","Organizado/a, colaborativo/a, detallista y con conocimientos técnicos. Excelentes habilidades de comunicación y capacidad de respuesta por correo electrónico/mensajería.",組織的、協力的、細部に注意を払い、テクノロジーに精通しており、優れたコミュニケーションスキルを持ち、メールやメッセージに迅速に対応できる。
jobDetails.ts,7.minQualifications.2,شعور قوي بالمسؤولية والقدرة على تنفيذ المهام بشكل مستقل.,Strong sense of responsibility and ability to carry out tasks independently.,Fuerte sentido de responsabilidad y capacidad para trabajar de manera autónoma.,強い責任感を持ち、独立してタスクを遂行できる。
jobDetails.ts,7.desiredSkills.0,خبرة سابقة في المنظمات غير الربحية (بما في ذلك البحث أو التدريب).,Previous experience in non-profit organizations (including research or internship).,Experiencia previa en organizaciones sin fines de lucro (incluyendo investigación o prácticas).,非営利団体での経験（研究またはインターンシップを含む）。
jobDetails.ts,7.desiredSkills.1,"فهم المعاني العميقة للمصطلحات القانونية مثل ""الجهود المعقولة"".",Understanding of the deep meanings of legal terms such as “reasonable efforts”.,Comprensión profunda del significado de términos legales como “esfuerzos razonables”.,「合理的な努力」などの法的用語の深い意味を理解している。
jobDetails.ts,7.desiredSkills.2,إتقان اللغة الإسبانية والبرتغالية البرازيلية.,Fluency in Spanish and Brazilian Portuguese.,Fluidez en español y portugués brasileño.,スペイン語およびブラジルポルトガル語に堪能であることが望ましい。
jobDetails.ts,7.hours.0,أكثر من 10 ساعات في الأسبوع أثناء تخصيص السياسات بشكل نشط.,10+ hours per week while actively localizing policies.,10+ horas por semana mientras se localizan activamente políticas.,ポリシーをローカライズしている間、毎週10時間以上。
jobDetails.ts,7.questions.0,تواصل مع frederick.cosper@virufy.org وسنرد عليك بسرعة.,Reach out to frederick.cosper@virufy.org and we will get back to you promptly.,Escríbenos a frederick.cosper@virufy.org y te responderemos pronto.,frederick.cosper@virufy.orgまでご連絡いただければ、迅速に対応いたします。
jobDetails.ts,8.title,عالم بيانات مساعد,Associate Data Scientist,Científico/a de Datos Asociado/a (Associate Data Scientist),アソシエイトデータサイエンティスト
jobDetails.ts,8.description,يعمل فريقنا من المتطوعين بدوام جزئي في التعلم الآلي، التعلم العميق، وتحليل الإشارات لتحليل الصوت في بيئة طبية. نرحب بالأفراد الذين لديهم خبرة مهنية في هذه المجالات للتقدم. سيتم غمر المرشح في بيئة تعاونية جنبًا إلى جنب مع مهندسي الذكاء الاصطناعي والمرشدين.,"Our team of part-time volunteers works with machine learning, deep learning, and signal analysis for audio analysis in a medical setting. We welcome individuals with professional experience in these domains to apply. The candidate will be immersed in a collaborative environment alongside AI engineers and mentors.","Nuestro equipo de voluntarios/as a tiempo parcial trabaja con aprendizaje automático, aprendizaje profundo y análisis de señales para análisis de audio en entornos médicos. Invitamos a personas con experiencia profesional en estos campos a postularse. El/la candidato/a estará inmerso/a en un entorno colaborativo junto a ingenieros de IA y mentores.",私たちのパートタイムボランティアチームは、医療現場での音声解析のための機械学習、深層学習、信号解析に取り組んでいます。これらの分野でのプロフェッショナルな経験を持つ方々を歓迎します。候補者は、AIエンジニアやメンターと協力する環境で働くことになります。
jobDetails.ts,8.responsibilities.0,إجراء أبحاث عميقة وتحديد الأساليب الحديثة للتعلم الآلي لاكتشاف COVID من السعال.,Deeply research and identify state-of-the-art ML approaches for detecting COVID from coughs.,Investigar a fondo e identificar enfoques de vanguardia en ML para detectar COVID a partir de la tos.,咳からCOVIDを検出するための最先端のMLアプローチを深く研究し、特定する。
jobDetails.ts,8.responsibilities.1,تدريب وبناء ونقل نماذج الذكاء الاصطناعي إلى الإنتاج.,"Train, build, and deploy AI models into production.","Entrenar, construir y desplegar modelos de IA en producción.",AIモデルを訓練し、本番環境にデプロイする。
jobDetails.ts,8.responsibilities.2,إنتاج كود نظيف وواجهات برمجة التطبيقات (APIs) لتسهيل الفهم داخل الفريق.,Produce clean code and APIs to facilitate understanding within the team.,Producir código limpio y APIs que faciliten la comprensión dentro del equipo.,チーム内での理解を促進するために、クリーンなコードとAPIを作成する。
jobDetails.ts,8.responsibilities.3,التعاون مع إدارة المنتجات والقيادة لتلبية التوقعات.,Collaborate with product management and leadership to deliver on expectations.,Colaborar con gestión de producto y liderazgo para cumplir con las expectativas.,プロダクトマネジメントやリーダーシップと協力して期待に応える。
jobDetails.ts,8.responsibilities.4,بناء بنية تحتية لامتصاص البيانات وتحويلها.,Build data ingest and data transformation infrastructure.,Construir infraestructura para ingestión y transformación de datos.,データ取り込みおよびデータ変換インフラを構築する。
jobDetails.ts,8.responsibilities.5,معالجة واستخراج المزايا من مجموعة واسعة من أنواع البيانات المدخلة.,Process and feature extract from a wide array of input data types.,Procesar y extraer características de una amplia gama de tipos de datos de entrada.,さまざまな入力データタイプから特徴抽出を行う。
jobDetails.ts,8.responsibilities.6,تحديد الفرص للتعلم الانتقالي وبيانات التدريب المساعدة.,Identify transfer learning opportunities and auxiliary training datasets.,Identificar oportunidades de aprendizaje por transferencia y conjuntos de datos auxiliares.,転移学習の機会や補助的な訓練データセットを特定する。
jobDetails.ts,8.responsibilities.7,تلخيص النتائج في صيغ أكاديمية، مثل ورقة بحثية.,"Distill results into academic formats, e.g. research paper.","Sintetizar resultados en formatos académicos, por ejemplo, artículos científicos.",結果を学術的形式にまとめ、研究論文を作成する。
jobDetails.ts,8.minQualifications.0,1-2 سنوات من الخبرة في الدورات الدراسية في علوم الحاسوب/التعلم الآلي والخبرة السابقة في التدريب.,1-2 years of experience of CS/ML coursework and prior internship experience.,1-2 años de experiencia en cursos de CS/ML y experiencia previa en pasantías.,CS/MLのコースワークで1〜2年の経験と、インターンシップ経験。
jobDetails.ts,8.minQualifications.1,شغف والتزام بمهمة Virufy، والتواصل بفعالية، ومشاركة التعلم مع الفريق.,"Passionate and committed to the Virufy mission, communicate effectively, and share learnings with the team.","Compromiso y pasión por la misión de Virufy, comunicarte de manera efectiva y compartir aprendizajes con el equipo.",Virufyのミッションに情熱を持ち、効果的にコミュニケーションを取り、学びをチームと共有する。
jobDetails.ts,8.minQualifications.2,خبرة قوية في البرمجة بلغة بايثون باستخدام أدوات مثل Pandas وNumPy وLibrosa.,"Strong Python programming experience with toolkits such as Pandas, NumPy, Librosa.","Experiencia en programación en Python y uso de herramientas como Pandas, NumPy, Librosa.",Pandas、NumPy、Librosaなどのツールキットを使用した強力なPythonプログラミングの経験。
jobDetails.ts,8.minQualifications.3,خبرة في تدريب النماذج باستخدام أطر العمل مثل Scikit-learn وTensorflow وPytorch وKeras.,"Experience in training models with frameworks like Scikit-learn, Tensorflow, Pytorch, Keras.","Experiencia entrenando modelos con Scikit-learn, Tensorflow, Pytorch, Keras.",Scikit-learn、Tensorflow、Pytorch、Kerasなどのフレームワークを使用したモデル訓練の経験。
jobDetails.ts,8.minQualifications.4,خبرة عملية في برمجة الذكاء الاصطناعي والعمل على منتجات (يفضل أن تكون) مؤسسية.,Hands-on AI programming experience working on (ideally) enterprise products.,Experiencia práctica en programación de IA trabajando (idealmente) en productos empresariales.,エンタープライズ製品でのAIプログラミングの実務経験。
jobDetails.ts,8.minQualifications.5,خبرة في استخدام الذكاء الاصطناعي في الرعاية الصحية في الدراسات البحثية السريرية وحل المشكلات الواقعية.,Experience using AI for healthcare in clinical research studies and solving real-world problems.,Experiencia utilizando IA en investigaciones clínicas en el ámbito de la salud y resolución de problemas del mundo real.,臨床研究でAIを使用した経験、および実世界の問題を解決する経験。
jobDetails.ts,8.hours.0,5-15 ساعات في الأسبوع.,5-15 hours per week.,5-15 horas por semana.,毎週5〜15時間。
jobDetails.ts,8.questions.0,تواصل مع frederick.cosper@virufy.org وسنرد عليك بسرعة.,Reach out to frederick.cosper@virufy.org and we will get back to you promptly.,Escríbenos a frederick.cosper@virufy.org y te responderemos pronto.,frederick.cosper@virufy.orgまでご連絡いただければ、迅速に対応いたします。
jobDetails.ts,9.title,مدير أعمال,Business Manager,Gerente de Negocios (Business Manager),ビジネスマネージャー
jobDetails.ts,9.description,نبحث عن فرد للمساهمة بدوام جزئي كمتطوع والتعاون عن كثب مع إدارة Virufy وفريق التطوير للمساعدة في إدارة الأعمال العامة، المنتج، والمالية.,"Seeking an individual to contribute on a part-time volunteer basis and collaborate closely with the Virufy management and development team to help manage the overall business, product, and finances.","Buscamos una persona para contribuir de forma voluntaria a tiempo parcial y colaborar estrechamente con la gestión de Virufy y el equipo de desarrollo para ayudar a gestionar el negocio, producto y finanzas en general.",Virufyの管理チームおよび開発チームと緊密に協力して、全体のビジネス、製品、財務を管理するために、パートタイムボランティアとして貢献する個人を探しています。
jobDetails.ts,9.responsibilities.0,تحديد احتياجات تمويل الأعمال وإدارة عملية جمع التبرعات.,Define business funding needs and manage the fundraising process.,Definir las necesidades de financiación y gestionar el proceso de recaudación de fondos.,ビジネス資金ニーズを定義し、資金調達プロセスを管理する。
jobDetails.ts,9.responsibilities.1,متابعة الحسابات المستحقة/الحسابات الدائنة.,Track our accounts receivable/accounts payable.,Llevar el control de cuentas por cobrar y cuentas por pagar.,売掛金/買掛金の追跡を行う。
jobDetails.ts,9.responsibilities.2,تنسيق عملية كتابة المنح مع فريق المنح لدينا.,Coordinate the grant writing process with our grants team.,Coordinar el proceso de redacción de subvenciones con el equipo correspondiente.,助成金チームと協力して、助成金申請プロセスを調整する。
jobDetails.ts,9.responsibilities.3,تحديد الأولويات وضمان تحقيق المهام بنجاح.,Prioritize tasks and ensure they are successfully achieved.,Priorizar tareas y garantizar su cumplimiento.,タスクを優先順位付けし、それらが成功裏に達成されることを確認する。
jobDetails.ts,9.responsibilities.4,تطوير وتنفيذ وصيانة الميزانيات وأي سجلات مالية.,"Develop, implement, and maintain budgets and any financial records.","Desarrollar, implementar y mantener presupuestos y registros financieros.",予算および財務記録を作成、実装、維持する。
jobDetails.ts,9.responsibilities.5,إدارة المنتجات، عند الحاجة.,"Product management, where appropriate.","Gestión de producto, cuando sea apropiado.",適切な場合、製品管理を行う。
jobDetails.ts,9.responsibilities.6,التواصل مع الفريق الداخلي والمساهمين الخارجيين.,Communicate with internal team and external stakeholders.,Comunicación con el equipo interno y partes interesadas externas.,内部チームおよび外部のステークホルダーとコミュニケーションを取る。
jobDetails.ts,9.minQualifications.0,هذه الوظيفة مفتوحة فقط للمرشحين في الولايات المتحدة.,This position is only open to candidates in the US.,Este puesto está disponible solo para candidatos/as en EE. UU.,このポジションは米国内の候補者のみ対象です。
jobDetails.ts,9.minQualifications.1,الدراسات الأكاديمية في إدارة الأعمال أو المالية.,Academic studies in Business Administration or Finance.,Estudios académicos en Administración de Empresas o Finanzas.,経営学または財務における学問的研究。
jobDetails.ts,9.minQualifications.2,منظم، متعاون، ودقيق.,"Organized, collaborative, and detail-oriented.","Persona organizada, colaborativa y detallista.",組織的、協力的、細部に注意を払い、テクノロジーに精通している。
jobDetails.ts,9.minQualifications.3,مهارات تواصل استثنائية.,Exceptional communication skills.,Excelentes habilidades de comunicación.,優れたコミュニケーションスキル。
jobDetails.ts,9.minQualifications.4,شعور قوي بالمسؤولية والقدرة على تنفيذ المهام بشكل مستقل.,Strong sense of responsibility and can carry out tasks independently.,Fuerte sentido de responsabilidad y autonomía.,強い責任感を持ち、独立してタスクを遂行できる。
jobDetails.ts,9.desiredSkills.0,خبرة سابقة في المنظمات غير الربحية (بما في ذلك البحث أو التدريب).,Previous experience in non-profit organization (including research or internship).,Experiencia previa en organizaciones sin fines de lucro (incluyendo investigación o prácticas).,非営利団体での経験（研究またはインターンシップを含む）。
jobDetails.ts,9.desiredSkills.1,خبرة في العيش والعمل في دول وقارات مختلفة.,Experience living and working in various countries & continents.,Experiencia viviendo y trabajando en varios países y continentes.,さまざまな国や大陸での生活および労働経験。
jobDetails.ts,9.hours.0,أكثر من 10 ساعات في الأسبوع على أساس التطوع بدوام جزئي.,10+ hours per week on a part-time volunteer basis.,10+ horas por semana en modalidad voluntaria a tiempo parcial.,パートタイムボランティアとして、毎週10時間以上。
jobDetails.ts,9.questions.0,تواصل مع frederick.cosper@virufy.org وسنرد عليك بسرعة.,Reach out to frederick.cosper@virufy.org and we will get back to you promptly.,Escríbenos a frederick.cosper@virufy.org y te responderemos pronto.,frederick.cosper@virufy.orgまでご連絡いただければ、迅速に対応いたします。
jobDetails.ts,10.title,مدير مشروع,Project Manager,Gerente de Proyecto (Project Manager),プロジェクトマネージャー
jobDetails.ts,10.description,"نبحث عن مدير مشروع ماهر وموهوب يحب حل المشكلات بسرعة. ستعمل مع قائد عمليات الشركة لتنفيذ العديد من المشاريع والمبادرات ضمن مواعيد نهائية ضيقة. عليك التدخل وإنشاء أنظمة وعمليات لضمان سير العمل بسلاسة. بيئة العمل هي بيئة شركة ناشئة، لذلك سيكون هناك الكثير من ""الجديد"" في الوظيفة - مما يعني أنك ستقوم بإنشاء عمليات فعالة للمنظمة مع التوجيه والإرشاد من قائد العمليات. لمزيد من التفاصيل حول الدور، انظر أدناه.","We are looking for a Skilled & Talented Project Manager who loves to solve problems on the fly. You will be working with the Company Operations Lead on executing multiple projects & initiatives with Tight deadlines. You will have to step in and create systems & processes for everything to flow smoothly. The work environment is a startup work environment so there will be a lot of “newness” to the job - Which means that you will be creating efficient processes for the organization along with the guidance & direction of the Operations Lead. For more details on the role, see below.",Buscamos un/a Gerente de Proyecto con talento que disfrute resolver problemas en el momento. Trabajarás junto con el/la Líder de Operaciones de la empresa ejecutando múltiples proyectos e iniciativas con plazos ajustados. Crearás sistemas y procesos para facilitar el flujo del trabajo en un entorno tipo startup. Eso significa que también estarás construyendo procesos eficientes junto al liderazgo. Consulta más detalles del rol a continuación.,即座に問題解決をするのが好きな、スキルと才能を備えたプロジェクトマネージャーを探しています。オペレーションリーダーと協力し、複数のプロジェクトやイニシアチブを期限内に実行する。新しいシステムやプロセスを構築し、すべてがスムーズに進むようにする必要があります。スタートアップのような職場環境なので、新しい仕事に取り組む必要があります。詳細は以下をご覧ください。
jobDetails.ts,10.responsibilities.0,العمل مع قائد عمليات الشركة على مجموعة متنوعة من الأنشطة لتنظيم الشركة بشكل مناسب.,Work with the company Operational Lead on a host of different activities to setup the organization appropriately.,Trabajar con el/la Líder de Operaciones en diferentes actividades para establecer la organización adecuadamente.,会社のオペレーションリーダーと協力して、組織を適切にセットアップするさまざまな活動を行う。
jobDetails.ts,10.responsibilities.1,التنسيق مع الفرق والأقسام المتعددة عبر عدة دول - كن نقطة الاتصال الرئيسية لجميع الاتصالات والمشاريع الكبرى والصغرى وتوجيهات الشركة.,"Coordinate with multiple teams & departments across multiple countries - Be the main point of contact for all communication, major & minor projects & company directives.","Coordinar con varios equipos y departamentos en distintos países. Ser el punto de contacto para toda la comunicación, proyectos e iniciativas.",複数のチームや部門と協力し、主要および副プロジェクト、会社の指令のためのコミュニケーションの主要連絡先として機能する。
jobDetails.ts,10.responsibilities.2,يجب أن تكون قادرًا على تتبع المشاريع والمبادرات من البداية حتى الانتهاء، ويجب الحفاظ على وثائق دقيقة ومفصلة عن معالم المشروع.,Must be able to track projects & initiatives from inception to completion & must maintain accurate & detailed documentation of the project milestones.,Hacer seguimiento de proyectos e iniciativas desde su inicio hasta su finalización y mantener documentación precisa de los hitos.,プロジェクトやイニシアチブを開始から完了まで追跡し、プロジェクトのマイルストーンを正確かつ詳細にドキュメントする必要があります。
jobDetails.ts,10.responsibilities.3,يجب أن تكون قادرًا على تحديث الفريق القيادي بحالة المشروع والجداول الزمنية والإنجازات والمشاكل المحتملة التي تعيق تقدم المشاريع.,"Must be able to update leadership team on project status, timelines, deliverables & potential issues hindering the progress of the projects.","Informar al equipo directivo sobre el estado de los proyectos, plazos, entregables y posibles obstáculos.",プロジェクトの進捗、タイムライン、納品物、進捗を妨げる可能性のある問題をリーダーシップチームに報告できる。
jobDetails.ts,10.responsibilities.4,يجب أن تكون قادرًا على تقليل المخاطر المرتبطة بالمشاكل التي تنشأ في المشاريع وتقديم حلول فعالة لحل المشكلات على الفور.,Must be able to risk mitigate issues that stem with projects & come up with efficient solutions to solve problems on the go.,Mitigar riesgos y encontrar soluciones eficientes ante problemas que surjan durante los proyectos.,プロジェクトに起因する問題をリスク軽減し、効率的なソリューションを迅速に提供する。
jobDetails.ts,10.minQualifications.0,عمر 18 سنة أو أكثر.,Age 18 or over.,18 años o más.,18歳以上。
jobDetails.ts,10.minQualifications.1,مصرح قانونياً للعمل في الولايات المتحدة (نحن لا نرعى تأشيرات).,Legally authorized to work in the United States (We do not sponsor Visas).,Autorización legal para trabajar en los Estados Unidos (no patrocinamos Visas).,米国での合法的な就労資格（ビザのスポンサーはありません）。
jobDetails.ts,10.minQualifications.2,خريج مدرسة ثانوية أو حائز على شهادة جامعية.,High School Graduate or College Degree.,Graduado/a de secundaria o título universitario.,高校卒業または大学の学位。
jobDetails.ts,10.minQualifications.3,هوية صالحة (رخصة قيادة أو جواز سفر).,Valid Photo ID (Drivers License or Passport).,Documento de identidad válido (licencia de conducir o pasaporte).,有効な写真付き身分証明書（運転免許証またはパスポート）。
jobDetails.ts,10.desiredSkills.0,يفضل وجود خبرة سابقة في إدارة المشاريع.,Previous Project Management Experience Preferred.,Experiencia previa en gestión de proyectos (preferida).,プロジェクトマネジメントの経験があると尚良い。
jobDetails.ts,10.desiredSkills.1,يفضل الحصول على شهادة PMP (ولكنها ليست مطلوبة).,PMP Certification Preferred (But Not Required).,"Certificación PMP (preferida, no obligatoria).",PMP認定があれば尚良い（必須ではありません）。
jobDetails.ts,10.desiredSkills.2,خبرة في استخدام Jira.,Experience With Jira.,Experiencia con Jira.,Jiraの経験。
jobDetails.ts,10.desiredSkills.3,مهارات تواصل كتابية وشفهية ممتازة.,Excellent written and verbal communication skills.,Excelentes habilidades de comunicación escrita y verbal.,優れた口頭および書面でのコミュニケーションスキル。
jobDetails.ts,10.desiredSkills.4,منظم ومرتب.,Neat & organized.,Persona organizada y ordenada.,整理整頓が得意。
jobDetails.ts,10.desiredSkills.5,توجه قيادي (مبادر).,Leadership attitude (self starter).,Actitud de liderazgo (proactivo/a).,リーダーシップの姿勢（セルフスターター）。
jobDetails.ts,10.hours.0,الوظيفة لمدة 6 أشهر. يُطلب منك استثمار ما بين 10-15 ساعة في الأسبوع لتطوير دورك داخل هذه المنظمة.,The position lasts for 6 months. You are requested to invest between 10-15 hours per week in your development of your role within this organization.,El puesto tiene una duración de 6 meses. Se solicita una dedicación de entre 10 y 15 horas semanales.,ポジションは6ヶ月間で、毎週10〜15時間の役割を果たすことが求められます。
jobDetails.ts,10.questions.0,تواصل مع frederick.cosper@virufy.org وسنرد عليك بسرعة.,Reach out to frederick.cosper@virufy.org and we will get back to you promptly.,Escríbenos a frederick.cosper@virufy.org y te responderemos pronto.,frederick.cosper@virufy.orgまでご連絡いただければ、迅速に対応いたします。
jobDetails.ts,11.title,مدير منتج,Product Manager,Gerente de Producto (Product Manager),プロダクトマネージャー
jobDetails.ts,11.description,سيعمل هذا الشخص كمتطوع بدوام جزئي ويتعاون عن كثب مع فريق التطوير، ويحدد خارطة الطريق للمنتج، ويدير تقدم التطوير ويتوافق مع الأطراف المعنية.,"This person will contribute on a part-time volunteer basis and collaborate closely with the development team, define the product roadmap, manage development progress and align with stakeholders.","Esta persona contribuirá de forma voluntaria a tiempo parcial y colaborará estrechamente con el equipo de desarrollo para definir el roadmap del producto, gestionar el avance del desarrollo y alinear con las partes interesadas.",このポジションは、パートタイムボランティアとして開発チームと密接に協力し、プロダクトロードマップを定義し、開発の進行状況を管理し、ステークホルダーと連携します。
jobDetails.ts,11.responsibilities.0,تحديد خارطة الطريق للمنتج وإدارة قائمة المهام الخاصة بالمنتج.,Define Product roadmap and manage product backlog.,Definir el roadmap del producto y gestionar el backlog.,プロダクトロードマップを定義し、プロダクトバックログを管理する。
jobDetails.ts,11.responsibilities.1,تحليل احتياجات المستخدم وظروف السوق.,Analyze user needs and market conditions.,Analizar las necesidades de los usuarios y condiciones del mercado.,ユーザーのニーズや市場の状況を分析する。
jobDetails.ts,11.responsibilities.2,التواصل مع فريق التطوير حول متطلبات المنتج.,Communicate product requirements to the development team.,Comunicar los requisitos del producto al equipo de desarrollo.,製品の要件を開発チームに伝える。
jobDetails.ts,11.responsibilities.3,تحديد أولويات المهام وضمان تحقيقها بنجاح.,Prioritize tasks and ensure they’re successfully achieved.,Priorizar tareas y asegurar su cumplimiento.,タスクに優先順位を付け、成功裏に達成されるようにする。
jobDetails.ts,11.responsibilities.4,تطوير وتنفيذ وصيانة جداول الإنتاج الزمنية.,"Develop, implement, and maintain production timelines.","Desarrollar, implementar y mantener los cronogramas de producción.",生産タイムラインを開発し、実装、維持する。
jobDetails.ts,11.responsibilities.5,التواصل مع فريق التسويق والأطراف المعنية الخارجية.,Communicate with marketing team and external stakeholders.,Comunicarse con el equipo de marketing y con partes interesadas externas.,マーケティングチームおよび外部ステークホルダーとコミュニケーションを取る。
jobDetails.ts,11.minQualifications.0,عمر 18 سنة أو أكثر.,Age 18 or over.,18 años o más.,18歳以上。
jobDetails.ts,11.minQualifications.1,مصرح قانونياً للعمل في الولايات المتحدة (نحن لا نرعى تأشيرات).,Legally authorized to work in the United States (We do not sponsor Visas).,Autorización legal para trabajar en los Estados Unidos (no patrocinamos Visas).,米国で合法的に働く資格があること（ビザのスポンサーは行いません）。
jobDetails.ts,11.minQualifications.2,خريج مدرسة ثانوية أو حائز على شهادة جامعية.,High School Graduate or College Degree.,Graduado/a de secundaria o título universitario.,高校卒業または大学の学位。
jobDetails.ts,11.minQualifications.3,هوية صالحة (رخصة قيادة أو جواز سفر).,Valid Photo ID (Drivers License or Passport).,Documento de identidad válido (licencia de conducir o pasaporte).,有効な写真付きID（運転免許証またはパスポート）。
jobDetails.ts,11.desiredSkills.0,خبرة سابقة في إدارة المنتجات (بما في ذلك البحث أو التدريب).,Previous experience in product management (including research or internship).,Experiencia previa en gestión de producto (incluyendo prácticas o investigación).,プロダクトマネジメントの経験（研究またはインターンシップを含む）。
jobDetails.ts,11.desiredSkills.1,الدراسات الأكاديمية في علوم الكمبيوتر تعتبر ميزة.,Academic studies in Computer Science a plus.,Estudios en informática (deseable).,コンピュータサイエンスの学問的研究があると尚良い。
jobDetails.ts,11.desiredSkills.2,منظم، متعاون، ودقيق.,"Organized, collaborative, and detail-oriented.","Organizado/a, colaborativo/a y detallista.",組織的で協力的、細部に注意を払うことができる。
jobDetails.ts,11.desiredSkills.3,مهارات تواصل استثنائية.,Exceptional communication skills.,Excelentes habilidades de comunicación.,優れたコミュニケーションスキル。
jobDetails.ts,11.desiredSkills.4,شعور قوي بالمسؤولية.,Strong sense of responsibility.,Fuerte sentido de responsabilidad.,強い責任感を持つこと。
jobDetails.ts,11.desiredSkills.5,إجادة اللغة الإسبانية و/أو البرتغالية البرازيلية (يفضل).,Fluency in Spanish and/or Brazilian Portuguese (Good to have).,Fluidez en español y/o portugués brasileño (deseable).,スペイン語またはブラジルポルトガル語に堪能であると尚良い。
jobDetails.ts,11.desiredSkills.6,معرفة أو خبرة مع الثقافة اللاتينية الأمريكية (يفضل).,Knowledge of or experience with Latin American culture (Good to have).,Conocimiento o experiencia con la cultura latinoamericana (deseable).,ラテンアメリカの文化に関する知識や経験があると尚良い。
jobDetails.ts,11.hours.0,أكثر من 15 ساعة في الأسبوع على أساس التطوع بدوام جزئي.,15+ hours per week on a part-time volunteer basis.,15+ horas por semana en modalidad voluntaria a tiempo parcial.,週に15時間以上、パートタイムボランティアとして。
jobDetails.ts,11.questions.0,تواصل مع frederick.cosper@virufy.org وسنرد عليك بسرعة.,Reach out to frederick.cosper@virufy.org and we will get back to you promptly.,Escríbenos a frederick.cosper@virufy.org y te responderemos pronto.,frederick.cosper@virufy.orgまでご連絡いただければ、迅速に対応いたします。
jobDetails.ts,12.title,شريك أعمال الموارد البشرية,HR Business Partner,Socio de Recursos Humanos,HRビジネスパートナー
jobDetails.ts,12.description,نبحث عن شريك موارد بشرية متطوع بدوام جزئي للعمل كجزء من فريق الإدارة.,"Seeking a part-time, volunteer HR Partner to work as part of the management team.",Buscamos un Socio de RRHH a tiempo parcial y voluntario para trabajar como parte del equipo de gestión.,マネジメントチームの一員として働くパートタイムのボランティアHRパートナーを募集しています。
jobDetails.ts,12.responsibilities.0,الإشراف على إنشاء وتحسين الكفاءات/الأوصاف الوظيفية.,Oversee the creation and refinement of job competencies/descriptions.,Supervisar la creación y mejora de competencias/descripciones de puestos.,職務能力や職務記述書の作成および改善を監督する。
jobDetails.ts,12.responsibilities.1,المشاركة في جهود استقطاب المواهب وتقديم المشورة في فحص المتقدمين.,Participate in talent acquisition efforts and advise applicant screening.,Participar en los esfuerzos de adquisición de talento y asesorar en la selección de candidatos.,人材採用活動に参加し、応募者の選考に助言する。
jobDetails.ts,12.responsibilities.2,إنشاء وتنفيذ السياسات والهياكل المنظمة.,Construct and implement organization-based policies/structures.,Construir e implementar políticas/estructuras organizacionales.,組織に基づいたポリシーや構造を構築、実装する。
jobDetails.ts,12.responsibilities.3,تدريب الموظفين الجدد وضمان وجود الوثائق اللازمة.,Onboard employees and ensure proper documentation is in place.,Incorporar a nuevos miembros y garantizar que la documentación esté en orden.,従業員のオンボーディングを行い、適切な書類が揃っていることを確認する。
jobDetails.ts,12.responsibilities.4,إعداد حسابات الموظفين على منصات مثل Slack و GSuite و HR ومنصات التشغيل الأخرى.,"Set up employee accounts on Slack, GSuite, HR, and other operational platforms.","Configurar cuentas de empleados en Slack, GSuite, HR y otras plataformas operativas.",Slack、GSuite、HR、その他の運用プラットフォーム上で従業員アカウントを設定する。
jobDetails.ts,12.minQualifications.0,القدرة على التفكير الاستراتيجي والانتباه للتفاصيل.,Ability to think strategically and maintain attention to detail.,Capacidad para pensar estratégicamente y mantener atención al detalle.,戦略的に考える能力と、細部への注意を払う能力。
jobDetails.ts,12.minQualifications.1,القدرة المثبتة على تعزيز التعاون وبناء الانخراط في منظمة افتراضية متنوعة.,Proven ability to foster collaboration and build engagement in a diverse virtual organization.,Comprobada habilidad para fomentar la colaboración y generar compromiso en una organización virtual diversa.,多様なバーチャル組織でのコラボレーションを促進し、エンゲージメントを構築する能力。
jobDetails.ts,12.minQualifications.2,مبادر وقادر على اتخاذ الإجراءات مع إحساس بالعجلة.,Assertive self-starter with a practical approach and sense of urgency.,Proactivo con enfoque práctico y sentido de urgencia.,実用的なアプローチと緊急感を持った積極的なセルフスターター。
jobDetails.ts,12.minQualifications.3,الإلمام بقوانين العمل وإدارة المتطوعين.,Familiarity with employment law and volunteer management.,Familiaridad con leyes laborales y gestión de voluntarios.,労働法やボランティア管理に精通していること。
jobDetails.ts,12.minQualifications.4,أمين - يمكنه التعامل مع المعلومات السرية بدرجة عالية من التقدير.,Trustworthy - can handle confidential information with a high degree of discretion.,Confiable: capaz de manejar información confidencial con alto nivel de discreción.,信頼性が高く、機密情報を高い裁量で取り扱うことができること。
jobDetails.ts,12.minQualifications.5,متمكن تقنيًا - خبرة في اختيار وتنفيذ وصيانة أنظمة الموارد البشرية.,"Tech savvy - experience in selecting, implementing, and maintaining HR systems.","Con conocimientos técnicos: experiencia en selección, implementación y mantenimiento de sistemas de RRHH.",テクノロジーに精通し、HRシステムを選定、実装、維持する経験があること。
jobDetails.ts,12.minQualifications.6,خبرة في استقطاب المواهب، خاصة في بيئة افتراضية.,"Experience recruiting talent, especially in a virtual setting.","Experiencia reclutando talento, especialmente en un entorno virtual.",特にバーチャルな環境での人材採用経験。
jobDetails.ts,12.desiredSkills.0,خبرة في المنظمات غير الربحية أو الشركات الناشئة المبكرة في الولايات المتحدة أو أمريكا اللاتينية.,Non-profit or early stage start-up experience in the US or Latin America.,Experiencia en organizaciones sin fines de lucro o startups emergentes en EE.UU. o América Latina.,米国またはラテンアメリカでの非営利または初期段階スタートアップでの経験。
jobDetails.ts,12.desiredSkills.1,يفضل وجود خبرة لا تقل عن خمس سنوات في الموارد البشرية.,A minimum of five years of HR experience is desired.,Deseable mínimo cinco años de experiencia en RRHH.,最低5年のHR経験。
jobDetails.ts,12.desiredSkills.2,تعاطف ثقافي مع أمريكا اللاتينية والإجادة في الإسبانية/البرتغالية بالإضافة إلى الإنجليزية.,Latin American cultural empathy and proficiency in Spanish/Portuguese in addition to English.,Empatía cultural con América Latina y dominio del español/portugués además del inglés.,ラテンアメリカの文化に対する共感と、スペイン語/ポルトガル語に加えて英語に堪能であること。
jobDetails.ts,12.desiredSkills.3,متاح خلال عدة ساعات من مناطق أمريكا الشمالية/الجنوبية (من الساعة 6 صباحًا حتى 9 مساءً بتوقيت المحيط الهادئ).,Available during several hours of the North / South America time zones (6am - 9pm PT).,Disponibilidad durante varias horas dentro de las zonas horarias de América del Norte/Sur (6am - 9pm PT).,北米/南米のタイムゾーンで数時間対応可能（6am-9pm PT）。
jobDetails.ts,12.desiredSkills.4,استجابة سريعة خلال أيام الأسبوع وعطلات نهاية الأسبوع للمهام السريعة، مثل التدريب.,"Responsive on weekdays and weekends for quick tasks, e.g. onboarding.","Capacidad de respuesta durante semana y fines de semana para tareas rápidas (por ejemplo, incorporación).",平日および週末に迅速な対応ができること、例：オンボーディング。
jobDetails.ts,12.hours.0,10 ساعات على الأقل في الأسبوع على أساس التطوع بدوام جزئي، ويفضل أن يكون ذلك خلال الأشهر الثلاثة المقبلة.,"Minimum 10 hours per week on a part-time volunteer basis, ideally over the next 3 months.","Mínimo 10 horas por semana como voluntario a tiempo parcial, idealmente durante los próximos 3 meses.",理想的には次の3ヶ月間で、毎週最低10時間のパートタイムボランティア。
jobDetails.ts,12.questions.0,تواصل مع frederick.cosper@virufy.org وسنرد عليك بسرعة.,Reach out to frederick.cosper@virufy.org and we will get back to you promptly.,Contáctanos en frederick.cosper@virufy.org y te responderemos a la brevedad.,frederick.cosper@virufy.orgまでご連絡いただければ、迅速に対応いたします。
jobDetails.ts,13.title,مساعد إداري للموارد البشرية,Human Resources Administrative Assistant,Asistente Administrativo de Recursos Humanos,人事アドミニストレーティブアシスタント
jobDetails.ts,13.description,نبحث عن فرد للمساعدة في جميع المهام الإدارية المتعلقة بالموارد البشرية. هذا الشخص سيرتبط مباشرةً بقائد فريق الموارد البشرية.,Seeking an individual to assist in all HR-related administrative tasks. This person will report directly to the Human Resources Team Lead.,Buscamos una persona para asistir en todas las tareas administrativas relacionadas con RRHH. Esta persona reportará directamente al líder del equipo de Recursos Humanos.,すべてのHR関連の管理業務を支援する個人を募集しています。このポジションはHRチームリーダーに直接報告します。
jobDetails.ts,13.responsibilities.0,البحث وتسجيل البيانات لكل متطوع للمساعدة في إنشاء ملف بيانات رئيسي.,Research and record data for each volunteer to help create a master data file.,Investigar y registrar datos de cada voluntario para ayudar a crear un archivo maestro de datos.,各ボランティアのデータを調査し、マスターデータファイルを作成する。
jobDetails.ts,13.responsibilities.1,إجراء تدقيق للقائمة الرئيسية والسجلات الأخرى شهريًا للحفاظ على تحديثها.,Conduct an audit of the master list and other records on a monthly basis to keep updated.,Realizar una auditoría de la lista maestra y otros registros mensualmente para mantenerlos actualizados.,マスターリストやその他の記録の監査を月次で実施し、更新する。
jobDetails.ts,13.responsibilities.2,مساعدة فريق استقطاب المواهب في نشر الأوصاف الوظيفية والمساعدة في إجراء المقابلات الأولية عند الحاجة.,Assist Talent Acquisition team in posting job descriptions and helping conduct first round interviews when needed.,Apoyar al equipo de Adquisición de Talento publicando descripciones de puestos y ayudando en entrevistas preliminares cuando sea necesario.,必要に応じて、求人情報の投稿や一次面接の実施を支援する。
jobDetails.ts,13.responsibilities.3,مساعدة فريق إدارة المواهب من خلال المتابعة مع المتطوعين بعد أسبوع من انضمامهم.,Assist Talent Management Team by checking in with volunteers after one week of joining.,Ayudar al equipo de Gestión de Talento realizando seguimiento con voluntarios después de una semana de haberse unido.,ボランティアの加入後1週間でチェックインを行う。
jobDetails.ts,13.responsibilities.4,المساعدة في إنشاء وتحديث سياسات وإجراءات المنظمة.,Assist in creating and updating organization’s SOPs and policies.,Colaborar en la creación y actualización de SOPs y políticas de la organización.,組織のSOPやポリシーの作成および更新を支援する。
jobDetails.ts,13.responsibilities.5,أبحاث متفرقة وتنظيم البيانات.,"Misc. ad hoc research, and data organization.",Investigaciones ad hoc y organización de datos.,その他の臨時の調査およびデータ整理。
jobDetails.ts,13.responsibilities.6,جميع المهام حسب التعيين.,All tasks as assigned.,Otras tareas asignadas.,すべての割り当てられたタスク。
jobDetails.ts,13.minQualifications.0,أن تكون متاحًا بشكل مرن للتعامل مع المهام العارضة طوال الأسبوع.,Be available on a flexible basis to address one-off tasks throughout the week.,Disponibilidad flexible para atender tareas puntuales durante la semana.,週を通して一時的なタスクに柔軟に対応できること。
jobDetails.ts,13.minQualifications.1,الاهتمام بالتفاصيل - تتطلب الوظيفة الانتباه للتفاصيل والدقة في إتمام المهام.,Attention to Detail — Job requires being careful about detail and thorough in completing work tasks.,Atención al detalle — El puesto requiere ser meticuloso y minucioso en la realización de tareas.,注意力 — 仕事には細部に注意を払い、徹底して作業を完了することが求められます。
jobDetails.ts,13.minQualifications.2,التعاون - تتطلب الوظيفة أن تكون لطيفًا مع الآخرين في العمل وتعرض موقفًا تعاونيًا جيدًا.,"Cooperation — Job requires being pleasant with others on the job and displaying a good-natured, cooperative attitude.",Cooperación — Ser agradable con los demás y mantener una actitud amable y colaborativa.,協力性 — 職場で他の人に対して良好な態度を示し、協力的な姿勢を取ることが求められます。
jobDetails.ts,13.minQualifications.3,الاعتمادية - تتطلب الوظيفة أن تكون موثوقًا ومسؤولًا وملتزمًا بتنفيذ الواجبات.,"Dependability — Job requires being reliable, responsible, and dependable, and fulfilling obligations.","Responsabilidad — Ser confiable, responsable y cumplir con obligaciones.",信頼性 — 仕事には信頼性、責任感が求められ、義務を果たすことが求められます。
jobDetails.ts,13.minQualifications.4,النزاهة - التعامل مع المعلومات الحساسة والسرية بشكل أخلاقي.,Integrity — Handle sensitive and confidential information ethically.,Integridad — Manejar información sensible y confidencial con ética.,誠実性 — 敏感な機密情報を倫理的に取り扱うこと。
jobDetails.ts,13.minQualifications.5,التواصل المهني داخليًا وخارجيًا سواء شفهيًا أو كتابيًا.,Communicate professionally both internally and externally/verbally and written.,"Comunicación profesional tanto interna como externa, verbal y escrita.",内部および外部の両方で、口頭および書面でのプロフェッショナルなコミュニケーションができること。
jobDetails.ts,13.minQualifications.6,الخبرة في استخدام الأدوات المعتمدة على الإنترنت مثل Gsuite و Slack وغيرها.,"Working experience with web-based tools like Gsuite, Slack, etc.","Experiencia trabajando con herramientas web como GSuite, Slack, etc.",Gsuite、Slackなどのウェブベースのツールでの業務経験。
jobDetails.ts,13.desiredSkills.0,استجابة عالية، مرونة في الساعات.,"Highly responsive, flexible with hours.","Alta capacidad de respuesta, flexibilidad horaria.",非常に応答性が高く、柔軟な勤務時間を持つ。
jobDetails.ts,13.desiredSkills.1,التحفيز الذاتي مع إحساس بالعجلة.,Self-motivated with a sense of urgency.,Autonomía y sentido de urgencia.,強い動機づけと緊急感を持つ。
jobDetails.ts,13.hours.0,10 ساعات على الأقل في الأسبوع على أساس التطوع بدوام جزئي.,Minimum 10 hours per week on a part-time volunteer basis.,Mínimo 10 horas por semana como voluntario a tiempo parcial.,毎週最低10時間、パートタイムボランティアとして。
jobDetails.ts,13.questions.0,تواصل مع frederick.cosper@virufy.org وسنرد عليك بسرعة.,Reach out to frederick.cosper@virufy.org and we will get back to you promptly.,Contáctanos en frederick.cosper@virufy.org y te responderemos a la brevedad.,frederick.cosper@virufy.orgまでご連絡いただければ、迅速に対応いたします。
jobDetails.ts,14.title,موظف توظيف تقني,Technical Recruiter,Reclutador Técnico,テクニカルリクルーター
jobDetails.ts,14.description,التواصل مع قسم الموارد البشرية وإدارة Virufy للمناصب المتاحة ومتطلباتها.,Communicate with HR and Virufy leadership for the available positions and their requirements.,Comunicación con RRHH y liderazgo de Virufy sobre las vacantes disponibles y sus requisitos.,HRおよびVirufyリーダーシップと連携して、利用可能なポジションとその要件を伝達する。
jobDetails.ts,14.responsibilities.0,التواصل مع قسم الموارد البشرية وإدارة Virufy للمناصب المتاحة ومتطلباتها.,Communicate with HR and Virufy leadership for the available positions and their requirements,Comunicar con RRHH y liderazgo de Virufy sobre las vacantes y requisitos.,HRおよびVirufyリーダーシップと連携し、利用可能なポジションとその要件を伝える。
jobDetails.ts,14.responsibilities.1,البحث عن واختيار المرشحين الفنيين (تعلم الآلة، معالجة الصوت، معالجة الإشارات، علوم البيانات).,"Source and screen technical candidates (ML, Audio Processing, Signal Processing, Data Science)","Buscar y evaluar candidatos técnicos (ML, Procesamiento de Audio, Procesamiento de Señales, Ciencia de Datos).",技術候補者（機械学習、音声処理、信号処理、データサイエンス）をソースおよびスクリーニングする。
jobDetails.ts,14.responsibilities.2,إنشاء منشورات الوظائف ونشرها على القنوات المناسبة.,Create job postings and post them on relevant channels,Crear descripciones de puestos y publicarlas en canales relevantes.,求人情報を作成し、関連するチャネルに投稿する。
jobDetails.ts,14.responsibilities.3,تنسيق مواعيد المقابلات مع صناع القرار.,Coordinate interview times with decision makers,Coordinar entrevistas con los responsables de la decisión.,意思決定者との面接時間を調整する。
jobDetails.ts,14.responsibilities.4,العمل مع فريق الاتصال لتحديث وسائل التواصل الاجتماعي.,Work with outreach team to update social media,Trabajar con el equipo de alcance para actualizar redes sociales.,アウトリーチチームと協力して、ソーシャルメディアを更新する。
jobDetails.ts,14.responsibilities.5,جمع المرشحين المحتملين من خلال المجتمع.,Crowdsource potential candidates,Buscar candidatos potenciales mediante crowdsourcing.,潜在的な候補者をクラウドソースする。
jobDetails.ts,14.minQualifications.0,خبرة لا تقل عن سنة واحدة كمصمم وظائف أو وكيل توظيف أو في دور مشابه.,"Minimum 1 year of experience as a sourcer, recruitment agent, or related role","Mínimo 1 año de experiencia como reclutador, agente de selección u otro rol similar.",ソーサー、リクルートメントエージェント、または関連する役割での最低1年の経験。
jobDetails.ts,14.minQualifications.1,فهم لتعلم الآلة، الذكاء الاصطناعي، وعلوم البيانات.,"Understanding of Machine Learning, Artificial Intelligence, Data Science","Comprensión de Machine Learning, Inteligencia Artificial, Ciencia de Datos.",機械学習、人工知能、データサイエンスの理解。
jobDetails.ts,14.minQualifications.2,مهارات تواصل ممتازة.,Outstanding communication skills,Excelentes habilidades de comunicación.,優れたコミュニケーションスキル。
jobDetails.ts,14.minQualifications.3,مهارات تفاوض ممتازة.,Excellent negotiation skills,Excelentes habilidades de negociación.,優れた交渉スキル。
jobDetails.ts,14.desiredSkills.0,استجابة عالية، مرونة في الساعات.,"Highly responsive, flexible with hours.","Alta capacidad de respuesta, flexibilidad horaria.",非常に応答性が高く、柔軟な勤務時間を持つ。
jobDetails.ts,14.desiredSkills.1,التحفيز الذاتي مع إحساس بالعجلة.,Self-motivated with a sense of urgency.,Autonomía y sentido de urgencia.,強い動機づけと緊急感を持つ。
jobDetails.ts,14.hours.0,10 ساعات على الأقل في الأسبوع على أساس التطوع بدوام جزئي.,Minimum 10 hours per week on a part-time volunteer basis.,Mínimo 10 horas por semana como voluntario a tiempo parcial.,毎週最低10時間、パートタイムボランティアとして。
jobDetails.ts,14.questions.0,تواصل مع frederick.cosper@virufy.org وسنرد عليك بسرعة.,Reach out to frederick.cosper@virufy.org and we will get back to you promptly.,Contáctanos en frederick.cosper@virufy.org y te responderemos a la brevedad.,frederick.cosper@virufy.orgまでご連絡いただければ、迅速に対応いたします。
jobDetails.ts,15.title,محامي شركي (متعلق بتكنولوجيا المعلومات),Corporate Attorney (IT Oriented),Abogado Corporativo (Enfocado en TI),企業弁護士（IT志向）
jobDetails.ts,15.description,نبحث عن فرد للمساهمة على أساس التطوع بدوام جزئي والتعاون بشكل وثيق مع إدارة Virufy وفرق القانون المنتشرة عالميًا للمساعدة في إدارة قضايا خصوصية البيانات في مناطقهم المحلية.,Seeking an individual to contribute on a part-time volunteer basis and collaborate closely with Virufy management and globally-dispersed legal teams to help manage data privacy concerns for their local jurisdictions.,"Buscamos a una persona que pueda colaborar de forma voluntaria y a tiempo parcial, trabajando en estrecha colaboración con la gestión de Virufy y equipos legales distribuidos globalmente para ayudar a gestionar preocupaciones sobre privacidad de datos en sus jurisdicciones locales.",地域の法務チームと緊密に協力して、地域のデータプライバシー問題を管理するために、パートタイムボランティアとして貢献する個人を募集しています。
jobDetails.ts,15.responsibilities.0,مراجعة وتكييف الوثائق القانونية الخاصة بالتنظيم المحلي التي كتبها المستشار القانوني الكبير مثل اتفاقيات عدم الإفشاء، العقود، اتفاقيات الشراكة، إلخ.,"Review and adapt to local regulation legal documents drafted by senior legal counsel such as NDAs, contracts, partnership agreements, etc.","Revisar y adaptar documentos legales redactados por asesores legales senior, como NDAs, contratos, acuerdos de asociación, etc., conforme a la normativa local.",シニア法務顧問が作成したNDA、契約書、パートナーシップ契約書などの法的文書をローカル規制に適応させる。
jobDetails.ts,15.responsibilities.1,تقديم المشورة للإدارة وفرق الأمان المعلوماتي بشأن السياسات الأمنية المتعلقة بالتنظيمات المحلية.,Advise management and infosec teams on relevant data security policies for local regulations.,Asesorar a la dirección y a los equipos de seguridad informática sobre políticas relevantes de seguridad de datos según la normativa local.,ローカル規制に関連するデータセキュリティポリシーについて、管理チームやインフォセックチームに助言する。
jobDetails.ts,15.responsibilities.2,البحث في قضايا خصوصية البيانات وحمايتها التي يطرحها القادة فيما يتعلق بمنطقتك، مثل CCPA وGDPR وLGPD.,"Research data privacy and protection questions raised from leadership as relevant to your locality, such as for CCPA, GDPR, and LGPD.","Investigar preguntas sobre privacidad y protección de datos planteadas por la dirección, relevantes a su localidad (por ejemplo, CCPA, GDPR y LGPD).",CCPA、GDPR、LGPDなど、地域の規制に関連するデータプライバシーおよび保護に関する質問を調査する。
jobDetails.ts,15.responsibilities.3,دعم الاستجابة للاستفسارات من السلطات الحكومية والطلبات الفردية مثل حذف البيانات وقابلية نقل البيانات.,Support responses to inquiries from government authorities and individual requests such as data deletion and data portability.,"Apoyar en las respuestas a solicitudes de autoridades gubernamentales e individuos, como eliminación o portabilidad de datos.",政府当局からの問い合わせや個別リクエストに対応するサポートを行う。
jobDetails.ts,15.responsibilities.4,ضمان وتقييم ومراقبة الامتثال للمعايير التنظيمية المحلية والدولية المتعلقة بحق البيانات ومعالجة البيانات، فضلاً عن التعرض للمخاطر المتعلقة بالتعديات.,"Ensure, assess and monitor compliance with local and international regulatory standards on habeas data and data treatment, as well as exposure to related infringement risks.","Asegurar, evaluar y monitorear el cumplimiento de normativas regulatorias locales e internacionales sobre habeas data y tratamiento de datos, así como la exposición a riesgos legales relacionados.",地域および国際的な規制基準への準拠を確認し、監視する。
jobDetails.ts,15.responsibilities.5,ترجمة وتكييف الوثائق القانونية حسب الحاجة.,Translate and localize legal documents as necessary.,Traducir y localizar documentos legales según sea necesario.,必要に応じて法的文書を翻訳およびローカライズする。
jobDetails.ts,15.minQualifications.0,طالب قانوني على مستوى الماجستير (LL.M) أو خريج حديث (أتم دراسته وحصل على الشهادة القانونية واجتاز الامتحان المحلي).,"Master's Level legal student (LL.M), or recent grad (having completed JD and passed the relevant Bar).",Estudiante de posgrado en Derecho (LL.M) o egresado reciente (JD completado y con el Bar correspondiente aprobado).,修士レベルの法学生（LL.M）または最近卒業した学生（JDを修了し、関連する弁護士試験に合格していること）。
jobDetails.ts,15.minQualifications.1,منظم، قادر على التعاون، مهتم بالتفاصيل، ومتمكن تقنيًا مع مهارات تواصل استثنائية وقادر على الرد بسرعة على رسائل البريد الإلكتروني/الرسائل.,"Organized, collaborative, detail-oriented, and tech-savvy with exceptional communication skills and responsive to emails/messaging.","Organizado, colaborador, detallista y con habilidades tecnológicas, con excelentes habilidades de comunicación y capacidad de respuesta por correo electrónico/mensajería.",組織的で協力的、細部に注意を払い、テクノロジーに精通しており、優れたコミュニケーションスキルを持つ。
jobDetails.ts,15.minQualifications.2,إحساس قوي بالمسؤولية والقدرة على تنفيذ المهام بشكل مستقل.,Strong sense of responsibility and ability to carry out tasks independently.,Fuerte sentido de responsabilidad y capacidad para trabajar de forma independiente.,強い責任感を持ち、独立してタスクを遂行できる。
jobDetails.ts,15.desiredSkills.0,خبرة سابقة في المنظمات غير الربحية (بما في ذلك البحث أو التدريب).,Previous experience in non-profit organizations (including research or internship).,Experiencia previa en organizaciones sin fines de lucro (incluyendo prácticas o investigación).,非営利団体での経験（研究またはインターンシップを含む）。
jobDetails.ts,15.desiredSkills.1,"فهم المعاني العميقة للمصطلحات القانونية مثل ""الجهود المعقولة"".",Understanding the deep meanings of legal terms such as 'reasonable efforts'.,"Comprensión profunda de términos legales como ""esfuerzos razonables"".",「合理的な努力」などの法的用語の深い意味を理解している。
jobDetails.ts,15.desiredSkills.2,إجادة اللغة الإسبانية و/أو البرتغالية البرازيلية يعد ميزة.,Fluency in Spanish and/or Brazilian Portuguese is a plus.,Fluidez en español y/o portugués brasileño es una ventaja.,スペイン語またはブラジルポルトガル語が堪能であることが望ましい。
jobDetails.ts,15.hours.0,10 ساعات على الأقل في الأسبوع أثناء تكييف السياسات المحلية.,Minimum 10+ hours per week while actively localizing policies.,Mínimo 10+ horas por semana mientras se localizan políticas activamente.,ポリシーのローカライズを行っている間、最低10時間以上。
jobDetails.ts,15.questions.0,تواصل مع frederick.cosper@virufy.org وسنرد عليك بسرعة.,Reach out to frederick.cosper@virufy.org and we will get back to you promptly.,Contáctanos en frederick.cosper@virufy.org y te responderemos a la brevedad.,frederick.cosper@virufy.orgまでご連絡いただければ、迅速に対応いたします。
jobDetails.ts,16.title,مساعد قانوني,Paralegal,Asistente Legal (Paralegal),パラリーガル
jobDetails.ts,16.description,نبحث عن فرد للمساهمة على أساس التطوع بدوام جزئي والتعاون بشكل وثيق مع فريق القانون المنتشر عالميًا في Virufy.,Seeking an individual to contribute on a part-time volunteer basis and collaborate closely with the Virufy globally-dispersed legal team.,Buscamos a una persona para colaborar en forma voluntaria y a tiempo parcial con el equipo legal global de Virufy.,Virufyの世界中に分散した法務チームと緊密に協力して、パートタイムボランティアとして貢献する個人を募集しています。
jobDetails.ts,16.responsibilities.0,تلخيص الوثائق وإعداد التقارير للمحامين.,Summarizing documents and preparing reports for attorneys.,Resumir documentos y preparar informes para abogados.,書類を要約し、弁護士向けにレポートを作成する。
jobDetails.ts,16.responsibilities.1,إجراء البحوث، التحقيق في الحقائق وتطوير الآراء القانونية.,"Conducting research, investigating facts and developing legal opinions.","Realizar investigaciones, recopilar hechos y desarrollar opiniones legales.",調査を実施し、事実を調査し、法的意見を開発する。
jobDetails.ts,16.responsibilities.2,إعداد الوثائق القانونية مثل العقود.,Drafting legal documents such as contracts.,Redactar documentos legales como contratos.,契約書などの法的文書を作成する。
jobDetails.ts,16.responsibilities.3,تنظيم وأرشفة الوثائق حسب الحاجة.,Organizing and archiving documents as required.,Organizar y archivar documentos según se requiera.,必要に応じて書類を整理し、アーカイブする。
jobDetails.ts,16.responsibilities.4,مواكبة التغييرات في الإطار القانوني وتقديم التحديثات في الوقت المناسب بشأن هذه التغييرات.,Keeping track of changes in legal framework and providing timely updates on these changes.,Dar seguimiento a cambios en el marco legal y proporcionar actualizaciones oportunas.,法的枠組みの変更を把握し、これらの変更についてタイムリーに更新を行う。
jobDetails.ts,16.responsibilities.5,ترجمة وتكييف الوثائق القانونية، وفقًا للمهارات اللغوية المتعددة.,"Translate and localize legal documents, dependant upon multilingual skills.","Traducir y localizar documentos legales, dependiendo de las habilidades lingüísticas.",多言語スキルに依存して、法的文書を翻訳およびローカライズする。
jobDetails.ts,16.minQualifications.0,درجة البكالوريوس، أو درجة الزمالة مع خبرة عمل إضافية في دراسات مساعد قانوني.,"Bachelor's Degree, or Associate's Degree with additional work experience, in Paralegal Studies.",Título universitario (Bachelor) o técnico (Associate) con experiencia adicional en Estudios Paralegales.,法学士号、または追加の実務経験を伴う準学士号。
jobDetails.ts,16.minQualifications.1,شهادة مساعد قانوني معتمدة من ABA (أو ما يعادلها).,ABA (or equivalent) Certified Paralegal.,Certificación de Paralegal de la ABA (o equivalente).,ABA（または同等の）認定パラリーガル。
jobDetails.ts,16.minQualifications.2,خبرة سابقة في دور مساعد قانوني في مكتب محاماة.,Previous law firm experience in a Paralegal role.,Experiencia previa en firmas legales en funciones de Paralegal.,法律事務所でのパラリーガルとしての経験。
jobDetails.ts,16.minQualifications.3,عقل تحقيقي ومهارات بحث قوية.,Investigative mind and strong research skills.,Mentalidad investigativa y sólidas habilidades de investigación.,調査に対する探求心と強力な調査スキル。
jobDetails.ts,16.minQualifications.4,خبرة في إعداد التقارير القانونية.,Experience in preparing legal reports.,Experiencia en la preparación de informes legales.,法的レポートの作成経験。
jobDetails.ts,16.minQualifications.5,منظم، قادر على التعاون، مهتم بالتفاصيل، ومتمكن تقنيًا مع مهارات تواصل استثنائية وقادر على الرد بسرعة على رسائل البريد الإلكتروني/الرسائل.,"Organized, collaborative, detail-oriented, and tech savvy with exceptional communication skills and responsive to emails/messaging.","Organizado, colaborador, detallista y con conocimientos tecnológicos, con excelentes habilidades de comunicación y capacidad de respuesta por correo electrónico/mensajería.",組織的、協力的、細部に注意を払い、テクノロジーに精通しており、優れたコミュニケーションスキルを持つ。
jobDetails.ts,16.minQualifications.6,إحساس قوي بالمسؤولية والقدرة على تنفيذ المهام بشكل مستقل.,Strong sense of responsibility and ability to carry out tasks independently.,Fuerte sentido de responsabilidad y autonomía en la ejecución de tareas.,強い責任感を持ち、独立してタスクを遂行できる。
jobDetails.ts,16.desiredSkills.0,خبرة سابقة في المنظمات غير الربحية (بما في ذلك البحث أو التدريب).,Previous experience in non-profit organizations (including research or internship).,Experiencia previa en organizaciones sin fines de lucro (incluyendo prácticas o investigación).,非営利団体での経験（研究またはインターンシップを含む）。
jobDetails.ts,16.desiredSkills.1,إجادة اللغة الإسبانية و/أو البرتغالية البرازيلية.,Fluency in Spanish and/or Brazilian Portuguese.,Fluidez en español y/o portugués brasileño.,スペイン語またはブラジルポルトガル語に堪能。
jobDetails.ts,16.hours.0,10 ساعات على الأقل في الأسبوع أثناء تكييف السياسات المحلية.,Minimum 10+ hours per week while actively localizing policies.,Mínimo 10+ horas por semana mientras se localizan políticas activamente.,ポリシーのローカライズを行っている間、最低10時間以上。
jobDetails.ts,16.questions.0,تواصل مع frederick.cosper@virufy.org وسنرد عليك بسرعة.,Reach out to frederick.cosper@virufy.org and we will get back to you promptly.,Contáctanos en frederick.cosper@virufy.org y te responderemos a la brevedad.,frederick.cosper@virufy.orgまでご連絡いただければ、迅速に対応いたします。
jobDetails.ts,17.title,محلل أعمال,Business Analyst,Analista de Negocios,ビジネスアナリスト
jobDetails.ts,17.description,محللو الأعمال هم المحركون للنمو المستمر والنجاح. من خلال التزامهم بالابتكار، يسعى هؤلاء المحللون لتطوير وتنفيذ المبادرات الاستراتيجية من أجل تحسين الكفاءة والإنتاجية. نحن حالياً نبحث عن محلل أعمال ذو خبرة للمساعدة في توجيه منظمتنا إلى المستقبل. من البحث عن حلول أنظمة تقدمية إلى تقييم آثارها، سيكون المرشح المثالي مخططًا دقيقًا، ومتحدثًا خبيرًا، ومحللًا متميزًا. يجب أن يكون هذا الشخص أيضًا ملتزمًا تمامًا باكتشاف وتطوير حلول مبتكرة في مشهد رقمي متغير باستمرار.,"Business analysts are the drivers of our continued growth and success. With their commitment to innovation, these analysts seek, develop, and help implement strategic initiatives for improved efficiency and productivity. We’re currently searching for an experienced business analyst to help guide our organization to the future. From researching progressive systems solutions to evaluating their impacts, the ideal candidate will be a detailed planner, expert communicator, and top-notch analyst. This person should also be wholly committed to the discovery and development of innovative solutions in an ever-changing digital landscape.","Los analistas de negocios son los impulsores de nuestro crecimiento y éxito continuo. Con su compromiso con la innovación, estos analistas buscan, desarrollan e implementan iniciativas estratégicas para mejorar la eficiencia y productividad. Actualmente estamos buscando un analista de negocios con experiencia para guiar a nuestra organización hacia el futuro. Desde investigar soluciones de sistemas progresivos hasta evaluar su impacto, el candidato ideal será un planificador detallado, comunicador experto y analista de primer nivel. Esta persona también debe estar completamente comprometida con el descubrimiento y desarrollo de soluciones innovadoras en un panorama digital en constante cambio.",ビジネスアナリストは、私たちの継続的な成長と成功の原動力です。これらのアナリストは、イノベーションに対するコミットメントを持ち、効率と生産性の向上を目指して戦略的イニシアチブを開発および実施します。現在、私たちは経験豊富なビジネスアナリストを募集しており、組織を未来に導く役割を担います。進歩的なシステムソリューションの研究から、その影響の評価まで、理想的な候補者は詳細に計画し、専門的にコミュニケーションし、優れたアナリストである必要があります。このポジションは、常に変化するデジタル環境で革新的なソリューションの発見と開発に完全にコミットしている必要があります。
jobDetails.ts,17.responsibilities.0,التعاون مع أصحاب المصلحة عبر وحدات الأعمال (مثل: المبيعات، المالية، الأمان، الامتثال) لتطوير التحليلات والوثائق بطريقة تعاونية، مع التواصل بفعالية وكفاءة مع الفرق الإنتاجية والإدارية والتنفيذية.,"Partner with stakeholders across business units (ex: sales, finance, security, compliance) to develop analyses and documentation in a collaborative way, communicating effectively and efficiently with production, managerial, and executive teams.","Colaborar con partes interesadas de diversas unidades de negocio (ej: ventas, finanzas, seguridad, cumplimiento) para desarrollar análisis y documentación de manera colaborativa, comunicándose de manera eficaz y eficiente con equipos de producción, gerenciales y ejecutivos.",ビジネスユニット全体（例：セールス、ファイナンス、セキュリティ、コンプライアンス）のステークホルダーと協力して、分析および文書を作成し、生産、マネージャー、経営陣との効果的かつ効率的なコミュニケーションを行う。
jobDetails.ts,17.responsibilities.1,تقييم وتحليل وتواصل متطلبات الأنظمة على أساس مستمر، والحفاظ على العمليات الخاصة بالأنظمة، بما في ذلك تقديم تقارير الحالة الشهرية لجميع الأطراف المعنية.,"Evaluate, analyze, and communicate systems requirements on a continuing basis, and maintain systems processes, including the delivery of monthly status reports to all appropriate parties.","Evaluar, analizar y comunicar los requisitos del sistema de forma continua, y mantener los procesos del sistema, incluida la entrega de informes de estado mensuales a todas las partes apropiadas.",システム要件を継続的に評価、分析し、プロセスを維持する。適切な関係者に月次ステータスレポートを提供する。
jobDetails.ts,17.responsibilities.2,كتابة وتحديث الوثائق الداخلية والخارجية، والبدء رسميًا وتقديم المتطلبات والوثائق، بما في ذلك النتائج بصيغ أكاديمية، مثل أوراق البحث.,"Author and update internal and external documentation, and formally initiate and deliver requirements and documentation, including results into academic formats, e.g. research papers.","Redactar y actualizar documentación interna y externa, e iniciar y entregar formalmente los requisitos y documentación, incluidos los resultados en formatos académicos, ej. artículos de investigación.",内部および外部の文書を作成および更新し、要件や文書を正式に開始し、配信する。学術的形式に結果をまとめる。
jobDetails.ts,17.responsibilities.3,إجراء التحليلات اليومية للأنظمة لتعظيم الفعالية وحل المشكلات.,Conduct daily systems analytics to maximize effectiveness and troubleshoot problems.,Realizar análisis diarios de sistemas para maximizar la efectividad y resolver problemas.,日々のシステム分析を実施し、効率を最大化し、問題をトラブルシューティングする。
jobDetails.ts,17.responsibilities.4,تطوير علاقات ذات مغزى ودائمة مع الشركاء من أجل تكامل الأنظمة المحسن، والرد على الأسئلة والاهتمامات من المديرين والتنفيذيين مع دعم الأبحاث والتوصيات.,"Develop meaningful and lasting relationships with partners for optimized systems integration, and respond to questions and concerns from managers and executives with supporting research and recommendations.","Desarrollar relaciones significativas y duraderas con socios para una integración óptima de sistemas, y responder preguntas e inquietudes de gerentes y ejecutivos con investigaciones y recomendaciones fundamentadas.",パートナーとの関係を構築し、システム統合を最適化し、マネージャーや経営陣からの質問や懸念に対してサポート研究や提案を提供する。
jobDetails.ts,17.minQualifications.0,عمر 18 سنة أو أكثر.,Age 18 or over.,Mayor de 18 años.,18歳以上。
jobDetails.ts,17.minQualifications.1,مصرح قانونيًا للعمل في الولايات المتحدة (لا نرعى تأشيرات H-1B).,Legally authorized to work in the United States (We do not sponsor H-1B Visas).,Autorizado legalmente para trabajar en los Estados Unidos (No patrocinamos visas H-1B).,米国で合法的に働く資格があること（H-1Bビザのスポンサーは行いません）。
jobDetails.ts,17.minQualifications.2,خريج مدرسة ثانوية أو حاصل على شهادة جامعية.,High School Graduate or College Degree.,Graduado de secundaria o con título universitario.,高校卒業または大学の学位。
jobDetails.ts,17.minQualifications.3,هوية صورة صالحة (رخصة قيادة أو جواز سفر).,Valid Photo ID (Drivers License or Passport).,Identificación con foto válida (licencia de conducir o pasaporte).,有効な写真付きID（運転免許証またはパスポート）。
jobDetails.ts,17.minQualifications.4,خبرة لا تقل عن سنتين في التحليلات وتطوير الأنظمة.,2 or more years of experience in analytics and systems development.,2 o más años de experiencia en análisis y desarrollo de sistemas.,2年以上の分析およびシステム開発の経験。
jobDetails.ts,17.minQualifications.5,إجادة متوسطة في البرمجة باستخدام Python، SQL وإدارة قواعد البيانات.,"Medium proficiency programming Python, SQL and database management.","Dominio intermedio de programación en Python, SQL y gestión de bases de datos.",Python、SQL、データベース管理の中程度のプログラミングスキル。
jobDetails.ts,17.minQualifications.6,قدرات تحليلية مثبتة.,Proven analytical abilities.,Habilidades analíticas comprobadas.,証明された分析能力。
jobDetails.ts,17.minQualifications.7,خبرة في إعداد الوثائق العملية والتقارير.,Experience in generating process documentation and reports.,Experiencia generando documentación de procesos e informes.,プロセス文書やレポートの作成経験。
jobDetails.ts,17.minQualifications.8,مهارات تواصل ممتازة، مع القدرة على تحويل البيانات إلى رؤى قابلة للتنفيذ.,"Excellent communication skills, with an ability to translate data into actionable insights.",Excelentes habilidades de comunicación y capacidad para traducir datos en conocimientos prácticos.,データを実行可能な洞察に変換する能力を備えた優れたコミュニケーションスキル。
jobDetails.ts,17.desiredSkills.0,درجة بكاليريوس (أو ما يعادلها) في تكنولوجيا المعلومات أو علوم الكمبيوتر.,Bachelor’s degree (or equivalent) in information technology or computer science.,Título universitario (o equivalente) en tecnología de la información o ciencias de la computación.,情報技術またはコンピュータサイエンスの学士号（または同等）。
jobDetails.ts,17.desiredSkills.1,معرفة قوية بتطبيقات Microsoft ذات الصلة، بما في ذلك Visio.,"Strong working knowledge of relevant Microsoft applications, including Visio.","Buen dominio de aplicaciones relevantes de Microsoft, incluyendo Visio.",Visioを含む関連するMicrosoftアプリケーションの強力な作業知識。
jobDetails.ts,17.desiredSkills.2,قدرة مثبتة على إدارة المشاريع واختبار المستخدمين.,Proven ability to manage projects and user testing.,Capacidad demostrada para gestionar proyectos y pruebas de usuarios.,プロジェクト管理およびユーザーテストの実績。
jobDetails.ts,17.desiredSkills.3,خبرة واسعة في تصورات البيانات.,Extensive experience with data visualization.,Amplia experiencia en visualización de datos.,データビジュアライゼーションの広範な経験。
jobDetails.ts,17.desiredSkills.4,إجادة عالية في الكتابة التقنية.,High proficiency in technical writing.,Alta competencia en redacción técnica.,技術的な執筆に高い熟練度。
jobDetails.ts,17.hours.0,التزام زمني لا يقل عن 10 ساعات في الأسبوع.,Time commitment of 10+ hours per week.,Compromiso de tiempo de 10+ horas por semana.,毎週10時間以上の時間コミットメント。
jobDetails.ts,17.hours.1,التزام بالمدة لا يقل عن 6 أشهر.,Duration commitment of 6+ months.,Compromiso de duración de 6+ meses.,6ヶ月以上の期間コミットメント。
jobDetails.ts,17.hours.2,سيحتاج مدير المشروع إلى تحديد اجتماعات أسبوعية مع أصحاب المصلحة المعنيين، بناءً على توافر جميع الحضور.,"PM will need to set weekly meetings with relevant stakeholders, defined by the availability of all attendees.","El PM deberá establecer reuniones semanales con las partes interesadas relevantes, según la disponibilidad de los asistentes.",PMは、すべての出席者の可用性に基づいて毎週の会議を設定する必要があります。
jobDetails.ts,17.hours.3,مراجعة والرد على رسائل Slack والبريد الإلكتروني يوميًا.,Review and respond to Slack and Email messages daily.,Revisar y responder mensajes de Slack y correos electrónicos diariamente.,毎日SlackおよびEmailメッセージに返信し、確認する。
jobDetails.ts,17.questions.0,تواصل مع frederick.cosper@virufy.org وسنرد عليك بسرعة.,Reach out to frederick.cosper@virufy.org and we will get back to you promptly.,Contáctanos en frederick.cosper@virufy.org y te responderemos rápidamente.,frederick.cosper@virufy.orgまでご連絡いただければ、迅速に対応いたします。
jobDetails.ts,18.title,مطور بايثون,Python Programmer,Programador Python,Pythonプログラマー
jobDetails.ts,18.description,نبحث عن مطوري بايثون,Looking for Python Programmers,Buscamos programadores de Python,Pythonプログラマーを探しています。
jobDetails.ts,18.minQualifications.0,خبرة لا تقل عن 3 سنوات في بايثون.,3+ years of experience with Python.,3+ años de experiencia con Python.,Pythonでの3年以上の経験。
jobDetails.ts,18.minQualifications.1,خبرة مع الحزم التالية: matplotlib، numpy، multiprocessing، threading.,"Experience with the following packages: matplotlib, numpy, multiprocessing, threading.","Experiencia con los siguientes paquetes: matplotlib, numpy, multiprocessing, threading.",matplotlib、numpy、multiprocessing、threadingのパッケージを使用した経験。
jobDetails.ts,18.minQualifications.2,فهم عملي لمخرجات pcap (API).,A working understanding of pcap (API) output.,Comprensión práctica de la salida de pcap (API).,pcap（API）出力の理解。
jobDetails.ts,18.desiredSkills.0,أنت شغوف بتطوير البرمجيات - هذا ما تفعله حتى في وقت فراغك.,You're passionate about software development - it's what you do even in your free time.,Te apasiona el desarrollo de software: lo haces incluso en tu tiempo libre.,ソフトウェア開発に情熱を持っており、自由時間でも開発に取り組んでいる。
jobDetails.ts,18.desiredSkills.1,مهارات أساسية قوية في البرمجيات: كتابة كود نظيف وموثق جيدًا؛ أسلوب تعاوني؛ فهم قوي للخوارزميات؛ نظرية علوم الكمبيوتر؛ إتقان أكثر من لغة.,"Good software foundational skills: clean, well-documented code; collaborative style; solid algorithms understanding; CS theory; mastery of more than one language.",Buenas bases en desarrollo de software: código limpio y bien documentado; estilo colaborativo; sólida comprensión de algoritmos; teoría de la computación; dominio de más de un lenguaje.,良いソフトウェア基礎スキル：クリーンで文書化されたコード、協力的なスタイル、堅実なアルゴリズムの理解、CS理論、複数の言語に精通していること。
jobDetails.ts,18.desiredSkills.2,قدرة على تعلم منصات وتقنيات جديدة بسرعة. نحن نعمل دائمًا على مشاريع جديدة ستدفعك وتبقيك دائمًا في حالة تعلم تقنيات جديدة.,An aptitude for learning new platforms and technologies on the fly. We’re constantly working on new projects that will push you and keep you always learning new technologies.,Aptitud para aprender nuevas plataformas y tecnologías rápidamente. Constantemente trabajamos en nuevos proyectos que te desafiarán y te mantendrán aprendiendo nuevas tecnologías.,新しいプラットフォームや技術を迅速に学ぶ能力を持っている。私たちは常に新しいプロジェクトに取り組んでおり、あなたをプッシュし、常に新しい技術を学び続けることを求めています。
jobDetails.ts,18.desiredSkills.3,قادر على تحمل المسؤولية عن مشروع وتنفيذه وحل المشكلات بشكل مستقل حتى إتمامه وتسليمه للعميل.,"Able to take ownership of a project and independently architect, execute and troubleshoot it through completion and customer delivery.","Capacidad para hacerse cargo de un proyecto y diseñarlo, ejecutarlo y resolver problemas de forma independiente hasta su finalización y entrega al cliente.",プロジェクトの所有権を持ち、独立して設計、実行、トラブルシューティングを行い、顧客に提供できる。
jobDetails.ts,18.desiredSkills.4,السعي النشط لاكتساب معارف وتقنيات جديدة. إذا كنت خبيرًا في تطوير واجهات المستخدم، هل تبني مهاراتك في تطوير الخلفية؟ إذا كنت مطورًا مدمجًا، هل تقوم بتطوير التطبيقات لنظامي Android أو iOS؟,"Actively pursuing new knowledge and technologies. If you’re a web frontend guru, are you building your backend skills? If you’re an embedded developer, are you developing apps for Android or iOS?","Búsqueda activa de nuevos conocimientos y tecnologías. Si eres experto en frontend web, ¿estás desarrollando tus habilidades backend? Si eres desarrollador embebido, ¿estás desarrollando apps para Android o iOS?",新しい知識や技術を積極的に追求している。あなたがウェブフロントエンドのエキスパートなら、バックエンドスキルを伸ばしているでしょうか？ 組み込み開発者なら、AndroidやiOS向けのアプリを開発していますか？
jobDetails.ts,18.questions.0,تواصل مع frederick.cosper@virufy.org وسنرد عليك بسرعة.,Reach out to frederick.cosper@virufy.org and we will get back to you promptly.,Contáctanos en frederick.cosper@virufy.org y te responderemos rápidamente.,frederick.cosper@virufy.orgまでご連絡いただければ、迅速に対応いたします。
jobDetails.ts,19.title,كاتب تقني,Technical Writer,Redactor Técnico,テクニカルライター
jobDetails.ts,19.description,بفضل التزامنا برضا العملاء، أصبحت Virufy رائدة في صناعتها. القوة الدافعة وراء هذا الالتزام هي إيمان ثابت بالتواصل الواضح والفعال. نحن نبحث عن كاتب تقني ذو خبرة للانضمام إلى فريقنا والمساعدة في رفع خدماتنا الموجهة نحو العملاء إلى آفاق جديدة. يجب أن يكون لدى المرشح المثالي نجاح مثبت في مجال تقني عالي مثل تطوير البرمجيات، أو علوم الكمبيوتر، أو الهندسة. كما أن القدرة على تقييم وتحليل المعلومات المعقدة والرغبة الطبيعية في مساعدة الناس على فهمها أمر بالغ الأهمية في هذا الدور.,"Because of our commitment to client satisfaction, Virufy has grown into an industry leader. The driving force behind this commitment is an unwavering belief in clear and effective communications. We’re searching for an experienced technical writer to join our team and help take our client-focused services to new heights. The ideal candidate will have proven success in a highly technical field, such as software development, computer science, or engineering. Also important in this role are an ability to evaluate and analyze complex information and a natural desire to help people understand it.","Gracias a nuestro compromiso con la satisfacción del cliente, Virufy se ha convertido en un líder de la industria. La fuerza impulsora detrás de este compromiso es una creencia firme en la comunicación clara y efectiva. Buscamos un redactor técnico con experiencia para unirse a nuestro equipo y ayudar a llevar nuestros servicios centrados en el cliente a nuevas alturas. El candidato ideal tendrá éxito comprobado en un campo altamente técnico, como desarrollo de software, ciencias de la computación o ingeniería. También son importantes en este rol la capacidad para evaluar y analizar información compleja y un deseo natural de ayudar a otros a comprenderla.",クライアント満足度へのコミットメントにより、Virufyは業界リーダーに成長しました。このコミットメントの原動力は、明確で効果的なコミュニケーションへの揺るぎない信念です。私たちは、経験豊富なテクニカルライターを募集しており、クライアントに焦点を当てたサービスを次のレベルに引き上げるお手伝いをしていただきます。理想的な候補者は、ソフトウェア開発、コンピュータサイエンス、またはエンジニアリングなどの高度な技術分野での実績を持つことが必要です。また、この役割では、複雑な情報を評価および分析する能力と、人々がそれを理解するのを助ける自然な欲求が重要です。
jobDetails.ts,19.responsibilities.0,تطوير وثائق شاملة تتوافق مع معايير المنظمة.,Develop comprehensive documentation that meets organizational standards.,Desarrollar documentación completa que cumpla con los estándares de la organización.,組織の基準を満たす包括的な文書を作成する。
jobDetails.ts,19.responsibilities.1,فهم عميق للمنتجات والخدمات، وترجمة المعلومات المعقدة إلى محتوى بسيط وأنيق وجذاب.,"Gain deep understanding of products and services, and translate complex information into simple, polished, engaging content.","Adquirir un conocimiento profundo de los productos y servicios, y traducir información compleja en contenido sencillo, pulido y atractivo.",製品やサービスの深い理解を得て、複雑な情報を簡潔で洗練された魅力的なコンテンツに変換する。
jobDetails.ts,19.responsibilities.2,كتابة محتوى سهل الاستخدام يلبي احتياجات الجمهور المستهدف، وتحويل الأفكار إلى لغة من أجل نجاح المستخدم.,"Write user-friendly content that meets the needs of the target audience, turning insights into language for user success.","Escribir contenido fácil de usar que cumpla con las necesidades del público objetivo, convirtiendo ideas en un lenguaje comprensible para el usuario.",ターゲットオーディエンスのニーズを満たすユーザーフレンドリーなコンテンツを作成し、洞察をユーザー成功に導く言葉に変換する。
jobDetails.ts,19.responsibilities.3,تطوير والحفاظ على قاعدة بيانات مفصلة للمواد المرجعية، بما في ذلك الأبحاث، اختبارات قابلية الاستخدام، والمواصفات التصميمية.,"Develop and maintain a detailed database of reference materials, including research, usability tests, and design specifications.","Desarrollar y mantener una base de datos detallada de materiales de referencia, incluyendo investigaciones, pruebas de usabilidad y especificaciones de diseño.",リサーチ、ユーザビリティテスト、デザイン仕様などの参考資料の詳細なデータベースを開発し、維持する。
jobDetails.ts,19.responsibilities.4,تقييم المحتوى الحالي وتطوير طرق مبتكرة للتحسين.,Evaluate current content and develop innovative methods for improvement.,Evaluar el contenido actual y desarrollar métodos innovadores para mejorarlo.,現在のコンテンツを評価し、改善のための革新的な方法を開発する。
jobDetails.ts,19.minQualifications.0,عمر 18 سنة أو أكثر.,Age 18 or over.,Mayor de 18 años.,18歳以上。
jobDetails.ts,19.minQualifications.1,مصرح قانونيًا للعمل في الولايات المتحدة (لا نرعى تأشيرات).,Legally authorized to work in the United States (We do not sponsor Visas).,Autorizado legalmente para trabajar en los Estados Unidos (No patrocinamos visas).,米国で合法的に働く資格があること（ビザのスポンサーは行いません）。
jobDetails.ts,19.minQualifications.2,خريج مدرسة ثانوية أو حاصل على شهادة جامعية.,High School Graduate or College Degree.,Graduado de secundaria o con título universitario.,高校卒業または大学の学位。
jobDetails.ts,19.minQualifications.3,هوية صورة صالحة (رخصة قيادة أو جواز سفر).,Valid Photo ID (Drivers License or Passport).,Identificación con foto válida (licencia de conducir o pasaporte).,有効な写真付きID（運転免許証またはパスポート）。
jobDetails.ts,19.minQualifications.4,خبرة لا تقل عن سنتين ككاتب تقني فعال.,Two or more years of experience as an effective technical writer.,Dos o más años de experiencia como redactor técnico eficaz.,効果的なテクニカルライターとしての2年以上の経験。
jobDetails.ts,19.minQualifications.5,قدرة مثبتة على تعلم وفهم الموضوعات المعقدة بسرعة.,Proven ability to quickly learn and understand complex subject matter.,Capacidad comprobada para aprender y comprender rápidamente temas complejos.,複雑なテーマを迅速に学び、理解する能力があること。
jobDetails.ts,19.minQualifications.6,خبرة في كتابة الوثائق وكتيبات الإجراءات لعدة جماهير.,Experience in writing documentation and procedure manuals for various audiences.,Experiencia redactando documentación y manuales de procedimiento para diversos públicos.,さまざまなオーディエンス向けに文書や手順マニュアルを作成した経験。
jobDetails.ts,19.minQualifications.7,مهارات تواصل كتابية ممتازة، مع اهتمام بالغ بالتفاصيل.,"Superb written communication skills, with a keen eye for detail.","Excelentes habilidades de redacción, con gran atención al detalle.",優れた文章スキルと細部への目配り。
jobDetails.ts,19.minQualifications.8,خبرة في العمل مع المهندسين لتحسين تجربة المستخدم (مثل: التصميم، واجهة المستخدم)، وتحسين المحتوى، وإنشاء الرسوم البيانية والمخططات للمحتوى الفني المساعد.,"Experience in working with engineers to improve user experience (ex: design, UI), refine content, and create visuals and diagrams for technical support content.","Experiencia trabajando con ingenieros para mejorar la experiencia del usuario (ej: diseño, UI), refinar contenido y crear gráficos y diagramas para contenido técnico de soporte.",エンジニアと協力して、ユーザーエクスペリエンス（例：デザイン、UI）を改善し、コンテンツを洗練し、テクニカルサポートコンテンツの視覚的支援や図表を作成した経験。
jobDetails.ts,19.minQualifications.9,القدرة على التعامل مع مشاريع متعددة في وقت واحد.,Ability to handle multiple projects simultaneously.,Capacidad para manejar múltiples proyectos simultáneamente.,複数のプロジェクトを同時に処理する能力。
jobDetails.ts,19.desiredSkills.0,درجة بكاليريوس (أو ما يعادلها) في الصحافة، أو الاتصالات، أو مجال تقني ذي صلة.,"Bachelor’s degree (or equivalent) in journalism, communications, or relevant technical field.","Título universitario (o equivalente) en periodismo, comunicaciones o campo técnico relevante.",ジャーナリズム、コミュニケーション、または関連する技術分野での学士号（または同等）。
jobDetails.ts,19.desiredSkills.1,فهم قوي لدورة حياة تطوير الأنظمة (SDLC).,Firm understanding of SDLC (systems development lifecycle).,Sólido entendimiento del ciclo de vida del desarrollo de sistemas (SDLC).,SDLC（システム開発ライフサイクル）に関する確固たる理解。
jobDetails.ts,19.desiredSkills.2,خبرة سابقة في تطوير البرمجيات.,Previous experience in software development.,Experiencia previa en desarrollo de software.,ソフトウェア開発の経験。
jobDetails.ts,19.desiredSkills.3,شهادة مهنية (مثل: جمعية الكتاب التقنيين).,Professional certification (ex: Society for Technical Communication).,Certificación profesional (ej: Society for Technical Communication).,専門的な認定（例：Society for Technical Communication）。
jobDetails.ts,19.desiredSkills.4,خبرة في استخدام أدوات XML لإنشاء الوثائق.,Experience in using XML tools to create documentation.,Experiencia usando herramientas XML para crear documentación.,XMLツールを使用してドキュメントを作成する経験。
jobDetails.ts,19.hours.0,الالتزام الزمني لا يقل عن 10 ساعات في الأسبوع.,Time commitment of 10+ hours per week.,Compromiso de tiempo de 10+ horas por semana.,毎週10時間以上の時間コミットメント。
jobDetails.ts,19.hours.1,الالتزام بالمدة لا يقل عن 6 أشهر.,Duration commitment of 6+ months.,Compromiso de duración de 6+ meses.,6ヶ月以上の期間コミットメント。
jobDetails.ts,19.hours.2,سيحتاج مدير المشروع إلى تحديد اجتماعات أسبوعية مع أصحاب المصلحة المعنيين، بناءً على توافر جميع الحضور.,"PM will need to set weekly meetings with relevant stakeholders, defined by the availability of all attendees.","El PM deberá establecer reuniones semanales con las partes interesadas relevantes, según la disponibilidad de los asistentes.",PMは、すべての出席者の可用性に基づいて毎週の会議を設定する必要があります。
jobDetails.ts,19.hours.3,مراجعة والرد على رسائل Slack والبريد الإلكتروني يوميًا.,Review and respond to Slack and Email messages daily.,Revisar y responder mensajes de Slack y correos electrónicos diariamente.,毎日SlackおよびEmailメッセージに返信し、確認する。
jobDetails.ts,19.questions.0,تواصل مع frederick.cosper@virufy.org وسنرد عليك بسرعة.,Reach out to frederick.cosper@virufy.org and we will get back to you promptly.,Contáctanos en frederick.cosper@virufy.org y te responderemos rápidamente.,frederick.cosper@virufy.orgまでご連絡いただければ、迅速に対応いたします。
jobDetails.ts,20.title,مهندس ضمان الجودة,Quality Assurance Engineer,Ingeniero de Aseguramiento de Calidad,品質保証エンジニア
jobDetails.ts,20.description,نحن منظمة غير ربحية تعمل في مجال الذكاء الاصطناعي في الرعاية الصحية وتركز على تطوير حلول مبتكرة لمكافحة COVID-19. مهمتنا هي الاستفادة من الذكاء الاصطناعي وتعلم الآلة لإنشاء تطبيق موبايل يمكنه اكتشاف وجود COVID-19 من خلال تحليل أصوات السعال. نحن ملتزمون بتحسين الصحة العامة والسلامة من خلال توفير أدوات دقيقة وقابلة للوصول للكشف المبكر والوقاية من الأمراض المعدية.,We are a healthcare AI nonprofit startup focused on developing innovative solutions to combat COVID-19. Our mission is to leverage artificial intelligence and machine learning to create a mobile application that can detect the presence of COVID-19 through analysis of cough sounds. We are committed to improving public health and safety by providing accurate and accessible tools for early detection and prevention of infectious diseases.,"Somos una startup sin fines de lucro en el sector de IA para salud, enfocada en desarrollar soluciones innovadoras para combatir el COVID-19. Nuestra misión es aprovechar la inteligencia artificial y el aprendizaje automático para crear una aplicación móvil que detecte la presencia de COVID-19 mediante el análisis de sonidos de tos. Estamos comprometidos con mejorar la salud pública y la seguridad, proporcionando herramientas precisas y accesibles para la detección temprana y prevención de enfermedades infecciosas.",私たちは、COVID-19と戦うための革新的なソリューションを開発することに焦点を当てたヘルスケアAI非営利スタートアップです。私たちの使命は、咳音の分析を通じてCOVID-19の存在を検出できるモバイルアプリケーションを作成するために、人工知能と機械学習を活用することです。私たちは、感染症の早期発見と予防のために、正確でアクセス可能なツールを提供し、公衆衛生と安全を向上させることにコミットしています。
jobDetails.ts,20.responsibilities.0,المساعدة في تطوير وتنفيذ عمليات مراقبة الجودة لتطبيق الكشف عن COVID-19.,Assist in developing and implementing quality control processes for the COVID-19 detection app.,Ayudar a desarrollar e implementar procesos de control de calidad para la aplicación de detección de COVID-19.,COVID-19検出アプリの品質管理プロセスの開発および実装を支援する。
jobDetails.ts,20.responsibilities.1,إجراء اختبارات وتحليل أداء التطبيق لضمان الدقة والموثوقية.,Conduct testing and analysis of the app's performance to ensure accuracy and reliability.,Realizar pruebas y análisis del rendimiento de la aplicación para garantizar precisión y fiabilidad.,アプリのパフォーマンスをテストおよび分析し、正確性と信頼性を確保する。
jobDetails.ts,20.responsibilities.2,التعاون مع فريق التطوير لتحديد ومعالجة أي مشكلات أو أخطاء في الجودة.,Collaborate with the development team to identify and address any quality issues or bugs.,Colaborar con el equipo de desarrollo para identificar y resolver problemas de calidad o errores.,開発チームと協力して、品質問題やバグを特定し、対処する。
jobDetails.ts,20.responsibilities.3,المشاركة في تصميم وتنفيذ أنشطة التحقق من صحة البرمجيات.,Participate in the design and execution of software validation activities.,Participar en el diseño y ejecución de actividades de validación de software.,ソフトウェア検証活動の設計および実行に参加する。
jobDetails.ts,20.responsibilities.4,إجراء الأبحاث والبقاء على اطلاع بأحدث المتطلبات والمعايير التنظيمية في صناعة الرعاية الصحية، لا سيما في مجال البرمجيات الطبية.,"Conduct research and stay up to date with relevant regulatory requirements and standards in the healthcare industry, particularly in the field of medical software.","Investigar y mantenerse actualizado sobre los requisitos y estándares regulatorios relevantes en la industria de la salud, especialmente en software médico.",関連する規制要件や医療ソフトウェア分野の標準について調査し、最新の情報を保つ。
jobDetails.ts,20.responsibilities.5,المساعدة في إعداد وصيانة الوثائق التنظيمية، بما في ذلك الملفات الفنية وسجلات التحكم في التصميم.,"Assist in preparing and maintaining regulatory documentation, including technical files and design control records.","Ayudar a preparar y mantener documentación regulatoria, incluidos archivos técnicos y registros de control de diseño.",技術ファイルや設計管理記録などの規制文書の作成および維持を支援する。
jobDetails.ts,20.responsibilities.6,دعم الفريق التنظيمي في تقديم الوثائق اللازمة للسلطات التنظيمية للحصول على الموافقات والتصاريح.,Support the regulatory team in submitting necessary documentation to regulatory authorities for approvals and clearances.,Apoyar al equipo regulatorio en la presentación de documentación necesaria ante autoridades regulatorias para aprobaciones y autorizaciones.,規制当局への承認や認可に必要な文書の提出をサポートする。
jobDetails.ts,20.responsibilities.7,التعاون مع الفرق متعددة الوظائف لضمان الامتثال للوائح والمعايير المعمول بها.,Collaborate with cross-functional teams to ensure compliance with applicable regulations and standards.,Colaborar con equipos interdisciplinarios para garantizar el cumplimiento de normativas y estándares aplicables.,適用される規制や標準に準拠するように、クロスファンクショナルなチームと協力する。
jobDetails.ts,20.responsibilities.8,تحديد مجالات التحسين في عمليات الجودة والتنظيم.,Identify areas for process improvement within the quality and regulatory functions.,Identificar áreas de mejora en los procesos de calidad y regulación.,品質および規制機能内のプロセス改善の分野を特定する。
jobDetails.ts,20.responsibilities.9,اقتراح وتنفيذ تحسينات لتبسيط عمليات مراقبة الجودة والامتثال التنظيمي.,Propose and implement enhancements to streamline quality control and regulatory compliance processes.,Proponer e implementar mejoras para optimizar el control de calidad y cumplimiento normativo.,品質管理および規制コンプライアンスプロセスの効率化を提案および実施する。
jobDetails.ts,20.responsibilities.10,المساهمة في تطوير وتوثيق الإجراءات التشغيلية القياسية (SOPs) لضمان التناسق والكفاءة.,Contribute to the development and documentation of standard operating procedures (SOPs) to ensure consistency and efficiency.,Contribuir al desarrollo y documentación de procedimientos operativos estándar (SOPs) para garantizar consistencia y eficiencia.,一貫性と効率性を確保するための標準業務手順（SOP）の作成および文書化に貢献する。
jobDetails.ts,20.responsibilities.11,التعاون مع فرق التطوير وعلوم البيانات وتجربة المستخدم للحصول على ملاحظات ومتطلبات لتحسين الجودة.,"Collaborate with the development, data science, and user experience teams to gather feedback and requirements for quality improvements.","Colaborar con los equipos de desarrollo, ciencia de datos y experiencia de usuario para recopilar comentarios y requisitos sobre mejoras de calidad.",品質改善のためのフィードバックや要件を収集するために、開発、データサイエンス、ユーザーエクスペリエンスチームと協力する。
jobDetails.ts,20.responsibilities.12,التواصل الفعّال مع أعضاء الفريق، وتقديم التحديثات حول تقدم المشروع ومناقشة القضايا أو التحديات المحتملة.,"Communicate effectively with team members, providing updates on project progress and discussing potential issues or challenges.","Comunicar eficazmente con los miembros del equipo, brindando actualizaciones sobre el progreso del proyecto y discutiendo posibles problemas o desafíos.",チームメンバーと効果的にコミュニケーションを取り、プロジェクトの進捗状況を提供し、潜在的な問題や課題について話し合う。
jobDetails.ts,20.responsibilities.13,المساعدة في إجراء جلسات تدريبية أو ورش عمل لضمان الوعي والالتزام بمعايير الجودة والتنظيم.,Assist in conducting training sessions or workshops to ensure awareness and adherence to quality and regulatory standards.,Ayudar a realizar sesiones de capacitación o talleres para fomentar el conocimiento y cumplimiento de estándares de calidad y regulación.,品質および規制基準の認識と遵守を確保するために、トレーニングセッションやワークショップの実施を支援する。
jobDetails.ts,20.minQualifications.0,الدراسة حاليًا للحصول على درجة بكاليروس أو ماجستير في الهندسة الطبية الحيوية، أو الهندسة الكهربائية، أو علوم الكمبيوتر، أو مجال ذي صلة.,"Currently pursuing a Bachelor's or Master's degree in Biomedical Engineering, Electrical Engineering, Computer Science, or a related field.","Actualmente cursando una licenciatura o maestría en Ingeniería Biomédica, Ingeniería Eléctrica, Ciencias de la Computación o un campo relacionado.",バイオメディカルエンジニアリング、電気工学、コンピュータサイエンス、または関連分野で学士号または修士号を追求している。
jobDetails.ts,20.minQualifications.1,اهتمام قوي بتكنولوجيا الرعاية الصحية، والذكاء الاصطناعي، وتعلم الآلة.,"Strong interest in healthcare technology, AI, and machine learning.","Interés fuerte en tecnología de salud, IA y aprendizaje automático.",ヘルステクノロジー、AI、機械学習への強い興味。
jobDetails.ts,20.minQualifications.2,إلمام بمنهجيات وعمليات مراقبة الجودة.,Familiarity with quality control methodologies and processes.,Familiaridad con metodologías y procesos de control de calidad.,品質管理方法論およびプロセスに関する知識。
jobDetails.ts,20.minQualifications.3,معرفة بالمتطلبات التنظيمية والمعايير في صناعة الرعاية الصحية (مثل لوائح FDA، معايير ISO) يعتبر ميزة.,"Knowledge of regulatory requirements and standards in the healthcare industry (e.g., FDA regulations, ISO standards) is a plus.","Conocimiento de requisitos y estándares regulatorios en la industria de la salud (ej: regulaciones de la FDA, estándares ISO) es una ventaja.",医療業界の規制要件や標準（例：FDA規制、ISO標準）に関する知識があると尚良い。
jobDetails.ts,20.minQualifications.4,مهارات تحليلية وحل المشكلات ممتازة.,Excellent analytical and problem-solving skills.,Excelentes habilidades analíticas y para resolver problemas.,優れた分析力および問題解決能力。
jobDetails.ts,20.minQualifications.5,اهتمام كبير بالتفاصيل والقدرة على العمل بشكل مستقل.,Strong attention to detail and the ability to work independently.,Gran atención al detalle y capacidad para trabajar de forma independiente.,細部に注意を払い、独立して作業できる能力。
jobDetails.ts,20.minQualifications.6,مهارات تواصل شخصية وفعّالة.,Effective communication and interpersonal skills.,Habilidades eficaces de comunicación e interpersonales.,効果的なコミュニケーションおよび対人関係スキル。
jobDetails.ts,20.questions.0,تواصل مع frederick.cosper@virufy.org وسنرد عليك بسرعة.,Reach out to frederick.cosper@virufy.org and we will get back to you promptly.,Contáctanos en frederick.cosper@virufy.org y te responderemos rápidamente.,frederick.cosper@virufy.orgまでご連絡いただければ、迅速に対応いたします。
jobDetails.ts,21.title,مطور AWS,AWS Developer,Desarrollador/a de AWS,AWS開発者
jobDetails.ts,21.description,نحن نبحث عن مطور AWS ذو خبرة للانضمام إلى فريقنا. يجب أن يمتلك المرشح المثالي خلفية قوية في بناء الخدمات القابلة للتطوير والموثوقة والقابلة للصيانة على AWS. ستتعاون مع فرق متعددة الوظائف لتصميم وتطوير ونشر التطبيقات والخدمات على منصة AWS.,"We are seeking an experienced AWS Developer to join our team. The ideal candidate will possess a strong background in building scalable, reliable, and maintainable services on AWS. You will collaborate with cross-functional teams to design, develop, and deploy applications and services on the AWS platform.","Estamos buscando un Desarrollador de AWS con experiencia para unirse a nuestro equipo. El candidato ideal tendrá una sólida experiencia en la creación de servicios escalables, confiables y mantenibles en AWS. Colaborarás con equipos multifuncionales para diseñar, desarrollar y desplegar aplicaciones y servicios en la plataforma de AWS.",経験豊富なAWS開発者を募集しています。理想的な候補者は、AWS上でスケーラブルで信頼性が高く、維持可能なサービスを構築した経験を持ち、クロスファンクショナルチームと協力して、AWSプラットフォーム上でアプリケーションやサービスの設計、開発、デプロイを行います。
jobDetails.ts,21.responsibilities.0,تصميم وتطوير ونشر الحلول السحابية باستخدام خدمات AWS.,"Design, develop, and deploy cloud-based solutions using AWS services.","Diseñar, desarrollar y desplegar soluciones basadas en la nube utilizando servicios de AWS.",AWSサービスを使用して、クラウドベースのソリューションを設計、開発、デプロイする。
jobDetails.ts,21.responsibilities.1,دمج خدمات AWS في التطبيقات الحالية أو إنشاء تطبيقات جديدة.,Integrate AWS services into existing applications or create new applications.,Integrar servicios de AWS en aplicaciones existentes o crear nuevas aplicaciones.,既存のアプリケーションにAWSサービスを統合する、または新しいアプリケーションを作成する。
jobDetails.ts,21.responsibilities.2,ضمان اتباع أفضل ممارسات التصميم المعماري، بما في ذلك القابلية للتوسع والتوافر والتعافي من الكوارث.,"Ensure architectural best practices are followed, including scalability, availability, and disaster recovery.","Asegurar que se sigan las mejores prácticas arquitectónicas, incluyendo escalabilidad, disponibilidad y recuperación ante desastres.",スケーラビリティ、可用性、災害復旧などのアーキテクチャベストプラクティスを遵守する。
jobDetails.ts,21.responsibilities.3,إعداد وتكوين وصيانة خدمات AWS مثل EC2 و S3 و RDS و Lambda و Elastic Beanstalk والمزيد.,"Set up, configure, and maintain AWS services such as EC2, S3, RDS, Lambda, Elastic Beanstalk, and more.","Configurar, mantener y gestionar servicios de AWS como EC2, S3, RDS, Lambda, Elastic Beanstalk, entre otros.",EC2、S3、RDS、Lambda、Elastic BeanstalkなどのAWSサービスのセットアップ、構成、維持を行う。
jobDetails.ts,21.responsibilities.4,تنفيذ وإدارة التكامل المستمر والنشر المستمر (CI/CD) باستخدام AWS CodePipeline و CodeBuild والأدوات الأخرى.,"Implement and manage Continuous Integration and Continuous Deployment (CI/CD) using AWS CodePipeline, CodeBuild, and other tools.","Implementar y gestionar Integración y Despliegue Continuo (CI/CD) utilizando AWS CodePipeline, CodeBuild y otras herramientas.",AWS CodePipeline、CodeBuild、その他のツールを使用して、継続的インテグレーションおよび継続的デプロイメント（CI/CD）を実装および管理する。
jobDetails.ts,21.responsibilities.5,تصميم وتنفيذ أفضل ممارسات الأمان في AWS، بما في ذلك أدوار IAM ومجموعات الأمان وتكوينات VPC.,"Design and implement AWS security best practices, including IAM roles, security groups, and VPC configurations.","Diseñar e implementar las mejores prácticas de seguridad en AWS, incluyendo roles IAM, grupos de seguridad y configuraciones de VPC.",IAMロール、セキュリティグループ、VPC構成など、AWSセキュリティベストプラクティスを設計および実装する。
jobDetails.ts,21.responsibilities.6,إدارة أسرار التطبيق باستخدام AWS Secrets Manager أو Parameter Store.,Manage application secrets using AWS Secrets Manager or Parameter Store.,Gestionar secretos de aplicaciones utilizando AWS Secrets Manager o Parameter Store.,AWS Secrets ManagerやParameter Storeを使用して、アプリケーションシークレットを管理する。
jobDetails.ts,21.responsibilities.7,مراقبة التطبيقات باستخدام AWS CloudWatch وأدوات المراقبة الأخرى.,Monitor applications using AWS CloudWatch and other monitoring tools.,Monitorear aplicaciones utilizando AWS CloudWatch y otras herramientas de monitoreo.,AWS CloudWatchや他のモニタリングツールを使用してアプリケーションを監視する。
jobDetails.ts,21.responsibilities.8,تحسين أداء التطبيقات، وضمان التوازن الأفضل من حيث التكلفة والأداء والقدرة.,"Optimize application performance, ensuring the best possible cost, performance, and capacity balance.","Optimizar el rendimiento de las aplicaciones, asegurando el mejor equilibrio posible entre costo, rendimiento y capacidad.",アプリケーションのパフォーマンスを最適化し、コスト、パフォーマンス、キャパシティの最適なバランスを確保する。
jobDetails.ts,21.responsibilities.9,التعاون مع مديري المنتجات والمعماريين والمطورين الآخرين لتصميم وتنفيذ الميزات.,"Collaborate with product managers, architects, and other developers to design and deliver features.","Colaborar con gerentes de producto, arquitectos y otros desarrolladores para diseñar y entregar funcionalidades.",プロダクトマネージャー、アーキテクト、他の開発者と協力して、機能を設計し提供する。
jobDetails.ts,21.responsibilities.10,توثيق العمليات والهياكل وأفضل الممارسات.,"Document processes, architectures, and best practices.","Documentar procesos, arquitecturas y mejores prácticas.",プロセス、アーキテクチャ、ベストプラクティスのドキュメント化を行う。
jobDetails.ts,21.minQualifications.0,درجة بكاليروس في علوم الكمبيوتر أو الهندسة أو مجال ذي صلة.,"Bachelor's degree in Computer Science, Engineering, or a related field.","Título universitario en Ciencias de la Computación, Ingeniería o un campo relacionado.",コンピュータサイエンス、エンジニアリング、または関連分野の学士号。
jobDetails.ts,21.minQualifications.1,خبرة لا تقل عن 3-5 سنوات في العمل مع خدمات AWS وتطوير التطبيقات السحابية.,At least 3-5 years of experience working with AWS services and developing cloud-native applications.,Al menos 3-5 años de experiencia trabajando con servicios de AWS y desarrollando aplicaciones nativas en la nube.,AWSサービスを使用したクラウドネイティブアプリケーションの開発経験3～5年以上。
jobDetails.ts,21.desiredSkills.0,شهادة AWS Developer أو AWS Solutions Architect أو شهادة AWS مماثلة تعتبر ميزة.,"AWS Developer, AWS Solutions Architect, or similar AWS certification is a plus.","Certificación de AWS Developer, AWS Solutions Architect u otra similar es una ventaja.",AWS開発者、AWSソリューションアーキテクト、または類似のAWS認定があると尚良い。
jobDetails.ts,21.desiredSkills.1,إتقان لغة برمجة عالية مثل بايثون أو JavaScript أو Java أو C#.,"Proficiency in a high-level programming language such as Python, JavaScript, Java, or C#.","Dominio de un lenguaje de programación de alto nivel como Python, JavaScript, Java o C#.",Python、JavaScript、Java、またはC#などの高水準プログラミング言語に精通していること。
jobDetails.ts,21.desiredSkills.2,فهم قوي للخدمات الأساسية لـ AWS واستخداماتها وأفضل ممارسات المعمارية الأساسية.,"Strong understanding of core AWS services, uses, and basic architecture best practices.","Sólido entendimiento de los servicios principales de AWS, sus usos y mejores prácticas de arquitectura básicas.",主要なAWSサービス、使用方法、基本的なアーキテクチャベストプラクティスについて深い理解があること。
jobDetails.ts,21.desiredSkills.3,خبرة مع تقنيات AWS الخالية من الخوادم، بما في ذلك Lambda و DynamoDB.,"Experience with AWS serverless technologies, including Lambda and DynamoDB.","Experiencia con tecnologías sin servidor de AWS, incluyendo Lambda y DynamoDB.",LambdaやDynamoDBなどのAWSサーバーレス技術の経験があること。
jobDetails.ts,21.desiredSkills.4,إلمام بأدوات إدارة AWS مثل CloudFormation أو Terraform.,Familiarity with AWS management tools like CloudFormation or Terraform.,Familiaridad con herramientas de gestión de AWS como CloudFormation o Terraform.,CloudFormationやTerraformなどのAWS管理ツールに精通していること。
jobDetails.ts,21.desiredSkills.5,معرفة بمفاهيم الشبكات والأمان في سياق AWS.,Knowledge of networking and security concepts in the AWS context.,Conocimientos de redes y conceptos de seguridad en el contexto de AWS.,AWSコンテキストにおけるネットワークおよびセキュリティの概念の知識。
jobDetails.ts,21.desiredSkills.6,القدرة على حل مشكلات البنية التحتية السحابية المعقدة.,Ability to troubleshoot complex cloud infrastructure issues.,Capacidad para resolver problemas complejos de infraestructura en la nube.,複雑なクラウドインフラストラクチャの問題をトラブルシューティングする能力。
jobDetails.ts,21.desiredSkills.7,مهارات تواصل وتعاون قوية.,Strong communication and collaboration skills.,Habilidades sólidas de comunicación y colaboración.,優れたコミュニケーションおよびコラボレーションスキル。
jobDetails.ts,21.desiredSkills.8,اهتمام حاد بالبقاء على اطلاع بأحدث الاتجاهات والتحديثات في الحوسبة السحابية.,A keen interest in staying updated with the latest trends and updates in cloud computing.,Interés en mantenerse actualizado con las últimas tendencias y novedades en computación en la nube.,クラウドコンピューティングの最新トレンドやアップデートに関心を持ち、常に最新の情報を追い求める。
jobDetails.ts,21.hours.0,الالتزام الزمني لا يقل عن 10 ساعات في الأسبوع.,Time commitment of 10+ hours per week.,Compromiso de tiempo de 10+ horas por semana.,毎週10時間以上の時間コミットメント。
jobDetails.ts,21.hours.1,الالتزام بالمدة لا يقل عن 6 أشهر.,Duration commitment of 6+ months.,Compromiso de duración de 6+ meses.,6ヶ月以上の期間コミットメント。
jobDetails.ts,21.hours.2,سيحتاج مدير المشروع إلى تحديد اجتماعات أسبوعية مع أصحاب المصلحة المعنيين، بناءً على توافر جميع الحضور.,"PM will need to set weekly meetings with relevant stakeholders, defined by the availability of all attendees.","El PM deberá establecer reuniones semanales con las partes interesadas relevantes, definidas por la disponibilidad de todos los asistentes.",すべての参加者の可用性に基づき、PMが週次ミーティングを設定する必要があります。
jobDetails.ts,21.hours.3,مراجعة والرد على رسائل Slack والبريد الإلكتروني يوميًا.,Review and respond to Slack and Email messages daily.,Revisar y responder mensajes de Slack y correo electrónico a diario.,毎日SlackおよびEmailメッセージに返信し、確認する。
jobDetails.ts,21.questions.0,تواصل مع frederick.cosper@virufy.org وسنرد عليك بسرعة.,Reach out to frederick.cosper@virufy.org and we will get back to you promptly.,Comunícate con frederick.cosper@virufy.org y te responderemos con prontitud.,frederick.cosper@virufy.orgまでご連絡いただければ、迅速に対応いたします。
jobDetails.ts,22.title,مهندس AWS,AWS Architect,Arquitecto de AWS,AWSアーキテクト
jobDetails.ts,22.description,سينضم هذا المهندس الفني إلى جهد تحديث من بنية معمارية أحادية إلى أنظمة قائمة على السحابة. سيكون هذا المهندس مسؤولًا عن توفير القيادة التقنية عبر عدة فرق ضمن منظمة العميل للمساعدة في وضع المعايير والأدوات ومساعدة الفرق الأخرى على اكتساب منظور. سيتعاون مع أصحاب المصلحة الرئيسيين لتحديد تصميم وتنفيذ وتكيف حلول وتقنيات سحابية متعددة. يجب أن يكون هذا الشخص مرتاحًا لتقييم منصات API، والهندسة المعتمدة على الأحداث، والتقنيات بدون خوادم، ومنصات المراقبة.,"This Technical Architect will join a modernization effort from Monolithic architecture to Cloud based systems. This Architect will be providing technical leadership across multiple teams within our client’s organization to help establish standards, tools and help other teams gain perspective. They will be collaborating with key stakeholders to outline the design, implementation and adaption of several cloud-based solutions and technologies. This person needs to be comfortable evaluating API Platforms, Event-Based Architectures, Serverless Technologies, and Observability Platforms.","Este Arquitecto Técnico se unirá a un esfuerzo de modernización de una arquitectura monolítica a sistemas basados en la nube. Este arquitecto proporcionará liderazgo técnico en múltiples equipos dentro de la organización de nuestro cliente para ayudar a establecer estándares, herramientas y ayudar a otros equipos a tener perspectiva. Colaborará con las partes interesadas clave para delinear el diseño, la implementación y la adopción de varias soluciones y tecnologías basadas en la nube. Esta persona debe sentirse cómoda evaluando plataformas API, arquitecturas basadas en eventos, tecnologías sin servidor y plataformas de observabilidad.",このテクニカルアーキテクトは、モノリシックアーキテクチャからクラウドベースシステムへの近代化に参加します。このアーキテクトは、クライアントの組織内の複数のチームに対して技術的なリーダーシップを提供し、標準やツールを確立し、他のチームに洞察を提供する役割を果たします。複数のクラウドベースソリューションや技術の設計、実装、適応を支援するために、主要な関係者と協力します。この役割では、APIプラットフォーム、イベントベースアーキテクチャ、サーバーレステクノロジー、オブザーバビリティプラットフォームの評価に慣れている必要があります。
jobDetails.ts,22.responsibilities.0,فهم متطلبات العميل، والتحديات التجارية لهم، وتقديم تعليقات للمجموعات المنتجة للتأثير في خارطة الطريق للمنتج.,"Understand customer requirements, their business challenges and help provide feedback to product groups to influence the product roadmap.","Comprender los requisitos del cliente, sus desafíos comerciales y ayudar a proporcionar retroalimentación a los grupos de productos para influir en la hoja de ruta del producto.",顧客の要件やビジネス上の課題を理解し、プロダクトグループにフィードバックを提供してプロダクトロードマップに影響を与える。
jobDetails.ts,22.responsibilities.1,تقديم العروض التي تعرض خدمات الشركة في حلول تكنولوجيا المعلومات في التقنيات، بما في ذلك التكامل مع البرمجيات الخارجية.,"Deliver demonstrations that showcase the company’s services for IT Solutions in technologies, including integration with third-party software.","Realizar demostraciones que muestren los servicios de la empresa para soluciones de TI en tecnologías, incluida la integración con software de terceros.",同社のITソリューションの技術を紹介するデモを提供し、サードパーティソフトウェアとの統合を支援する。
jobDetails.ts,22.minQualifications.0,درجة بكاليروس في الأعمال أو الهندسة أو الاقتصاد أو أي مجال متعلق بالتكنولوجيا أو خبرة معادلة.,"Bachelor’s degree in Business, Engineering, Economics, and/or Technology related Field or equivalent experience.","Título universitario en Negocios, Ingeniería, Economía y/o campo relacionado con Tecnología o experiencia equivalente.",ビジネス、エンジニアリング、経済学、または関連分野の学士号、または同等の経験。
jobDetails.ts,22.minQualifications.1,خبرة لا تقل عن سنتين في مجالات التكنولوجيا المحددة (تطوير البرمجيات، الحوسبة السحابية، هندسة الأنظمة، البنية التحتية، الأمان، الشبكات، البيانات والتحليلات).,"Minimum of 2+ years within specific technology domain areas (software development, cloud computing, systems engineering, infrastructure, security, networking, data & analytics).","Mínimo de 2+ años en áreas específicas del dominio tecnológico (desarrollo de software, computación en la nube, ingeniería de sistemas, infraestructura, seguridad, redes, datos y análisis).",特定の技術領域（ソフトウェア開発、クラウドコンピューティング、システムエンジニアリング、インフラストラクチャ、セキュリティ、ネットワーキング、データ＆アナリティクス）における2年以上の経験。
jobDetails.ts,22.minQualifications.2,خبرة لا تقل عن سنتين في نظام التشغيل Linux، Windows، AWS، Azure، SQL Programming، Python.,"Minimum of 2+ years of experience in Linux OS, Windows OS, AWS, Azure, SQL Programming, Python.","Mínimo de 2+ años de experiencia en sistemas operativos Linux, Windows, AWS, Azure, programación en SQL, Python.",Linux OS、Windows OS、AWS、Azure、SQLプログラミング、Pythonにおける2年以上の経験。
jobDetails.ts,22.minQualifications.3,مهارات الاتصال للتفاعل مع وفهم الموضوعات التقنية والتقنيات الناشئة وأهميتها في السوق.,Communication skills to interact with and understand technical subjects and emerging technologies and their relevance to the marketplace.,Habilidades de comunicación para interactuar y comprender temas técnicos y tecnologías emergentes y su relevancia para el mercado.,技術的な主題や新興技術と、それらが市場に関連することを理解するためのコミュニケーションスキル。
jobDetails.ts,22.minQualifications.4,العمر 18 عامًا أو أكثر.,Age 18 or over.,18 años o más.,18歳以上。
jobDetails.ts,22.minQualifications.5,مسموح له قانونيًا بالعمل في الولايات المتحدة (نحن لا نقدم تأشيرات H-1B).,Legally authorized to work in the United States (We do not sponsor H-1B Visas).,Autorizado legalmente para trabajar en los Estados Unidos (No patrocinamos Visas H-1B).,米国で合法的に働く資格があること（H-1Bビザのスポンサーは行いません）。
jobDetails.ts,22.minQualifications.6,خريج مدرسة ثانوية أو درجة جامعية.,High School Graduate or College Degree.,Graduado de escuela secundaria o con título universitario.,高校卒業または大学の学位。
jobDetails.ts,22.minQualifications.7,بطاقة هوية سارية (رخصة قيادة أو جواز سفر).,Valid Photo ID (Drivers License or Passport).,Identificación con foto válida (Licencia de conducir o pasaporte).,有効な写真付きID（運転免許証またはパスポート）。
jobDetails.ts,22.desiredSkills.0,خبرة من سنتين إلى ثلاث سنوات في العمل مع تقنيات وهياكل AWS السحابية.,2 to 3 years' experience working with AWS cloud technologies and architectures.,2 a 3 años de experiencia trabajando con tecnologías y arquitecturas de AWS.,AWSクラウド技術とアーキテクチャにおける2〜3年の経験。
jobDetails.ts,22.desiredSkills.1,خبرة من ثلاث إلى أربع سنوات في تصميم وتطوير ومتابعة تكامل الحلول.,"3 to 4 years' experience designing, developing, and overseeing solution integrations.","3 a 4 años de experiencia diseñando, desarrollando y supervisando integraciones de soluciones.",ソリューションの設計、開発、統合を監督する3〜4年の経験。
jobDetails.ts,22.desiredSkills.2,خبرة قوية في البرمجة باستخدام MS Access، AWS، Python، و MS Office Suite مطلوبة.,"Strong coding experience with, MS Access, AWS, Python, and MS Office Suite is required.","Experiencia sólida en programación con MS Access, AWS, Python y MS Office Suite.",MS Access、AWS、Python、MS Office Suiteでの強力なコーディング経験。
jobDetails.ts,22.desiredSkills.3,مهارات تحليلية مثبتة لتحويل المتطلبات إلى بنية معمارية للحلول التي تفي بنتائج العمل.,Proven analytical skills to properly turn requirements into solution architecture the meets business outcomes.,Habilidades analíticas comprobadas para traducir adecuadamente los requisitos en una arquitectura de soluciones que cumpla con los resultados del negocio.,要件を適切なソリューションアーキテクチャに変換するための優れた分析スキル。
jobDetails.ts,22.desiredSkills.4,مهارات تحليلية مثبتة لتقييم بنية الحلول المقدمة من البائعين.,Proven analytical skills to properly evaluate vendor solution architecture.,Habilidades analíticas comprobadas para evaluar adecuadamente la arquitectura de soluciones de proveedores.,ベンダーソリューションアーキテクチャを適切に評価するための証明された分析スキル。
jobDetails.ts,22.desiredSkills.5,فهم جيد لاستراتيجيات البيانات الرئيسية، بحيرات البيانات.,"Good understanding of master data strategies, data lakes.",Buen entendimiento de estrategias de datos maestros y lagos de datos.,マスターデータ戦略、データレイクに関する理解。
jobDetails.ts,22.desiredSkills.6,القدرة على التواصل بوضوح حول قرارات البنية المعمارية والمخاطر والفوائد لجميع مستويات العمل.,"Ability to clearly communicate architecture decisions, risks, and benefits to all levels of the business.","Capacidad para comunicar claramente decisiones arquitectónicas, riesgos y beneficios a todos los niveles del negocio.",アーキテクチャの決定、リスク、利益をすべてのビジネスレベルに明確に伝える能力。
jobDetails.ts,22.desiredSkills.7,القدرة على العمل ضمن فريق مشروع.,Ability to work within a project team.,Capacidad para trabajar dentro de un equipo de proyecto.,プロジェクトチームでの作業経験。
jobDetails.ts,22.desiredSkills.8,القدرة على إدارة الأنشطة التقنية لفريق فني متعدد الوظائف.,Able to manage technical activities for a cross functional technical team.,Capacidad para gestionar actividades técnicas en un equipo técnico multifuncional.,クロスファンクショナルな技術チームの技術活動を管理する能力。
jobDetails.ts,22.desiredSkills.9,مهارات تقديم قوية، شفوية، وكتابية.,"Strong presentation, verbal, and written communications skills.","Fuertes habilidades de presentación, comunicación verbal y escrita.",強力なプレゼンテーション、口頭および文書によるコミュニケーションスキル。
jobDetails.ts,22.desiredSkills.10,يجب أن يظهر الشخص القدرة على التعاون والتركيز على النتائج.,Must exhibit the ability to be collaborative and results oriented.,Debe demostrar capacidad de colaboración y orientación a resultados.,協力的で結果志向のアプローチを示す必要があります。
jobDetails.ts,22.desiredSkills.11,القدرة على العمل بشكل مستقل.,Ability to work independently.,Capacidad para trabajar de forma independiente.,独立して作業する能力。
jobDetails.ts,22.desiredSkills.12,القدرة على قيادة وتطوير أو تصميم الهياكل المعمارية المفاهيمية والمنطقية والحلول عبر التطبيقات والبيانات والتكنولوجيا.,"Ability to lead and/or develop conceptual, logical and solution architectures across application, data, and technology domains.","Capacidad para liderar y/o desarrollar arquitecturas conceptuales, lógicas y de soluciones a través de dominios de aplicación, datos y tecnología.",アプリケーション、データ、技術ドメイン全体で概念的、論理的、ソリューションアーキテクチャを開発する能力。
jobDetails.ts,22.desiredSkills.13,القدرة على تطوير ومراجعة تسليمات المشروع، بما في ذلك مستندات المتطلبات، ومخططات التصميم، من حيث الاكتمال والجودة والمخاطر والامتثال مع معايير معماريات المشاريع المعتمدة والمعايير المؤسسية ورؤية الأعمال والنتائج المتوقعة.,"Ability to Develop and review project deliverables, including requirement document, design document, for completeness, quality, risk and compliance with established project architecture standards, enterprise standards, and business vision and expected outcomes.","Capacidad para desarrollar y revisar entregables del proyecto, incluidos documentos de requisitos, documentos de diseño, para verificar integridad, calidad, riesgo y cumplimiento con los estándares establecidos de arquitectura del proyecto, estándares empresariales y visión del negocio y resultados esperados.",プロジェクトアーキテクチャ標準、企業標準、ビジョン、期待される成果に基づいて、要件文書や設計文書をレビューし、プロジェクト成果物を管理する能力。
jobDetails.ts,22.desiredSkills.14,القدرة على تطوير وإدارة جميع جوانب جهد البنية المعمارية، بما في ذلك الخطط، التبعيات، الجدول الزمني، الميزانية، والأفراد المطلوبين.,"Ability to develop and manage all aspects of the architecture effort, including the plans, interdependencies, schedule, budget, and required personnel.","Capacidad para desarrollar y gestionar todos los aspectos del esfuerzo arquitectónico, incluidos planes, interdependencias, cronograma, presupuesto y personal requerido.",ITおよびビジネスにソリューションを定義して提示する能力。
jobDetails.ts,22.desiredSkills.15,القدرة على تحديد وتقديم الحل لتقنية المعلومات والأعمال.,Ability to define and present the solution to IT and Business.,Capacidad para definir y presentar la solución a TI y Negocio.,機能、技術、パフォーマンス要件を満たし、ビジネス成果に一致するコスト効果の高いソリューションを設計し、開発する能力。
jobDetails.ts,22.desiredSkills.16,القدرة على تصميم وتطوير حلول فعّالة من حيث التكلفة تلبي المتطلبات الوظيفية والتقنية والأداء وتتماشى مع نتائج الأعمال.,"Ability to design and develop cost effective solutions that meet functional, technical, performance requirements and align to business outcomes.","Capacidad para diseñar y desarrollar soluciones rentables que cumplan con los requisitos funcionales, técnicos y de rendimiento y se alineen con los resultados del negocio.",ソリューション設計の設計および実装を監督する経験。
jobDetails.ts,22.desiredSkills.17,خبرة في تصميم والإشراف على تنفيذ تصاميم الحلول، بما في ذلك تكامل الحلول.,"Experience designing and overseeing the implementation of solution designs, including solution integrations.","Experiencia diseñando y supervisando la implementación de diseños de soluciones, incluidas integraciones de soluciones.",開発チームと連携し、設計を伝え、技術的な実装とデプロイメントを監督する経験。
jobDetails.ts,22.desiredSkills.18,خبرة في التفاعل مع فرق التطوير، والتواصل حول التصميم، والإشراف على التنفيذ الفني والنشر.,"Experience in interacting with development teams, communicating design and overseeing technical implementation and deployments.","Experiencia interactuando con equipos de desarrollo, comunicando el diseño y supervisando la implementación técnica y los despliegues.",複数のチームと連携してソリューションを成功させる能力（統合チーム、データアーキテクチャチーム、ベンダー、および/またはソリューション開発チームなど）。
jobDetails.ts,22.desiredSkills.19,القدرة على التنسيق والعمل مع فرق متعددة لتنفيذ الحل بنجاح، بما في ذلك، على سبيل المثال لا الحصر، فرق التكامل، فريق هندسة البيانات، البائعين و/أو فرق تطوير الحلول.,"Ability to coordinate and work with multiple teams to successfully implement a solution, including, but not limited to, Integration teams, Data Architecture team, vendors and/or solution development team.","Capacidad para coordinar y trabajar con múltiples equipos para implementar con éxito una solución, incluidos, entre otros, equipos de integración, equipo de arquitectura de datos, proveedores y/o equipo de desarrollo de soluciones.",設計およびシステム開発のリスクおよび問題を特定、文書化、伝達し、解決/緩和する能力。
jobDetails.ts,22.desiredSkills.20,القدرة على تحديد وتوثيق وتواصل وحل/تخفيف المخاطر والقضايا المرتبطة بتصميم النظام وتطويره.,"Ability to identify, document, communicate and resolve/mitigate design and system development risks and issues.","Capacidad para identificar, documentar, comunicar y resolver/mitigar riesgos y problemas de diseño y desarrollo del sistema.",
jobDetails.ts,22.hours.0,التزام بالوقت لا يقل عن 10 ساعات في الأسبوع.,Time commitment of 10+ hours per week.,Compromiso de tiempo de 10+ horas por semana.,毎週10時間以上の時間コミットメント。
jobDetails.ts,22.hours.1,التزام لمدة 6 أشهر أو أكثر.,Duration commitment of 6+ months.,Compromiso de duración de 6+ meses.,6ヶ月以上の期間コミットメント。
jobDetails.ts,22.hours.2,يجب على مدير المشروع تحديد اجتماعات أسبوعية مع أصحاب المصلحة المعنيين، وفقًا لتوافر جميع الحضور.,"PM will need to set weekly meetings with relevant stakeholders, defined by the availability of all attendees.","El PM deberá establecer reuniones semanales con las partes interesadas relevantes, definidas por la disponibilidad de todos los asistentes.",すべての参加者の可用性に基づき、PMが週次ミーティングを設定する必要があります。
jobDetails.ts,22.hours.3,مراجعة والرد على رسائل Slack والبريد الإلكتروني يوميًا.,Review and respond to Slack and Email messages daily.,Revisar y responder mensajes de Slack y correo electrónico a diario.,毎日SlackおよびEmailメッセージに返信し、確認する。
jobDetails.ts,22.questions.0,يرجى التواصل عبر البريد الإلكتروني frederick.cosper@virufy.org وسنرد عليك بسرعة.,Reach out to frederick.cosper@virufy.org and we will get back to you promptly.,Comunícate con frederick.cosper@virufy.org y te responderemos con prontitud.,frederick.cosper@virufy.orgまでご連絡いただければ、迅速に対応いたします。
jobDetails.ts,23.title,مهندس AWS,AWS Engineer,Ingeniero de AWS,AWSエンジニア
jobDetails.ts,23.description,تبحث فيروفاي عن مهندس AWS مستعد للمساهمة على أساس تطوعي. توفر هذه الوظيفة الفرصة للتعمق في الحوسبة السحابية والبنية التحتية، خاصة ضمن بيئة خدمات الويب من أمازون، مع إحداث تأثير ملموس.,"Virufy is on the lookout for an AWS Engineer willing to contribute on a volunteer basis. This role offers the chance to immerse oneself in cloud computing and infrastructure, especially within the Amazon Web Services environment, while making a meaningful impact.","Virufy está en busca de un Ingeniero de AWS dispuesto a contribuir de forma voluntaria. Este rol ofrece la oportunidad de sumergirse en la computación en la nube e infraestructura, especialmente dentro del entorno de Amazon Web Services, mientras se genera un impacto significativo.",Virufyは、AWS環境内でのクラウドコンピューティングおよびインフラストラクチャに取り組む機会を提供しながら、ボランティアベースで貢献する意思のあるAWSエンジニアを募集しています。
jobDetails.ts,23.responsibilities.0,مساعدة في إدارة وصيانة بنية فيروفاي التحتية على AWS.,Assist in managing and maintaining Virufy’s AWS infrastructure.,Ayudar en la gestión y mantenimiento de la infraestructura de AWS de Virufy.,VirufyのAWSインフラストラクチャの管理と維持を支援する。
jobDetails.ts,23.responsibilities.1,التعاون مع فريق التطوير لضمان نشر التطبيقات وتوسيعها بسلاسة.,Collaborate with the development team to ensure smooth deployments and scaling of applications.,Colaborar con el equipo de desarrollo para asegurar despliegues y escalamiento fluido de las aplicaciones.,開発チームと協力して、アプリケーションのスムーズなデプロイおよびスケーリングを確保する。
jobDetails.ts,23.responsibilities.2,مراقبة وتحليل الأداء والصحة والأمان للخدمات المستضافة في بيئة AWS.,"Monitor and analyze the performance, health, and security of services hosted in the AWS environment.","Monitorear y analizar el rendimiento, la salud y la seguridad de los servicios alojados en el entorno de AWS.",AWS環境でホストされているサービスのパフォーマンス、健全性、セキュリティを監視および分析する。
jobDetails.ts,23.responsibilities.3,تنفيذ وصيانة حلول سحابية باستخدام أدوات وخدمات AWS، مع التركيز على مجموعة أدوات تطوير السحابة من AWS (CDK).,"Implement and maintain cloud-based solutions utilizing AWS tools and services, with an emphasis on the AWS Cloud Development Kit (CDK).","Implementar y mantener soluciones basadas en la nube utilizando herramientas y servicios de AWS, con énfasis en el AWS Cloud Development Kit (CDK).",AWSツールとサービスを使用して、クラウドベースのソリューションを実装および維持する（AWS Cloud Development Kit (CDK)に重点を置く）。
jobDetails.ts,23.responsibilities.4,القيام بدور محوري في استراتيجيات استرداد الكوارث، وضمان حماية البيانات وموثوقية النظام.,"Play a pivotal role in disaster recovery strategies, ensuring data protection and system reliability.","Jugar un papel fundamental en estrategias de recuperación ante desastres, asegurando la protección de datos y confiabilidad del sistema.",災害復旧戦略で重要な役割を果たし、データ保護とシステム信頼性を確保する。
jobDetails.ts,23.responsibilities.5,المشاركة في استكشاف الأخطاء وتقديم حلول للمشاكل المتعلقة بالسحابة.,"Engage in troubleshooting, offering solutions to cloud-related issues.","Participar en la resolución de problemas, ofreciendo soluciones a cuestiones relacionadas con la nube.",クラウド関連の問題に対するソリューションを提供する。
jobDetails.ts,23.responsibilities.6,متابعة أحدث خدمات AWS وأفضل الممارسات، وتقديم التوصيات للتحسينات المحتملة.,"Stay abreast of AWS services, best practices, and the latest in CDK to recommend potential improvements.","Mantenerse al tanto de los servicios de AWS, mejores prácticas y lo último en CDK para recomendar posibles mejoras.",AWSサービス、ベストプラクティス、CDKの最新情報に精通し、改善の提案を行う。
jobDetails.ts,23.minQualifications.0,معرفة أساسية بخدمات AWS والمفاهيم السحابية وفهم قوي لـ CDK.,"Basic knowledge of AWS services, cloud concepts, and a solid understanding of CDK.","Conocimiento básico de los servicios de AWS, conceptos de la nube y comprensión sólida del CDK.",AWSサービス、クラウドの概念、CDKの基本的な理解。
jobDetails.ts,23.minQualifications.1,قدرة على حل المشكلات، مع اهتمام عميق بالحوسبة السحابية.,"An aptitude for problem-solving, with a deep interest in cloud computing.","Aptitud para la resolución de problemas, con un profundo interés en la computación en la nube.",問題解決への適性と、クラウドコンピューティングへの深い関心。
jobDetails.ts,23.minQualifications.2,القدرة على العمل بشكل تعاوني واتخاذ المبادرة عند الحاجة.,Ability to work collaboratively and take the initiative when required.,Capacidad para trabajar en colaboración y tomar la iniciativa cuando sea necesario.,コラボレーション能力と、必要に応じて主体的に行動する能力。
jobDetails.ts,23.minQualifications.3,مهارات اتصال قوية.,Strong communication skills.,Fuertes habilidades de comunicación.,優れたコミュニケーションスキル。
jobDetails.ts,23.minQualifications.4,شغف بالتعلم المستمر، والتكيف، واحتضان التحديات الجديدة.,"Passionate about continuous learning, adaptation, and embracing new challenges.","Pasión por el aprendizaje continuo, la adaptación y la aceptación de nuevos desafíos.",継続的な学習、適応、新しい挑戦を受け入れる姿勢に情熱を持っていること。
jobDetails.ts,23.hours.0,التزام بالوقت لا يقل عن 10 ساعات في الأسبوع.,Time commitment of 10+ hours per week.,Compromiso de tiempo de 10+ horas por semana.,毎週10時間以上の時間コミットメント。
jobDetails.ts,23.hours.1,التزام لمدة 6 أشهر أو أكثر.,Duration commitment of 6+ months.,Compromiso de duración de 6+ meses.,6ヶ月以上の期間コミットメント。
jobDetails.ts,23.hours.2,اجتماعات أسبوعية مع أصحاب المصلحة المعنيين، وفقًا لتوافر جميع الحضور.,"Weekly meetings with relevant stakeholders, defined by the availability of all attendees.","Reuniones semanales con partes interesadas relevantes, definidas por la disponibilidad de todos los asistentes.",すべての参加者の可用性に基づき、週次ミーティングを設定する必要があります。
jobDetails.ts,23.hours.3,مراجعة والرد على رسائل Slack والبريد الإلكتروني يوميًا.,Review and respond to Slack and Email messages daily.,Revisar y responder mensajes de Slack y correo electrónico a diario.,毎日SlackおよびEmailメッセージに返信し、確認する。
jobDetails.ts,23.questions.0,يرجى التواصل عبر البريد الإلكتروني frederick.cosper@virufy.org وسنرد عليك بسرعة.,Reach out to frederick.cosper@virufy.org and we will get back to you promptly.,Comunícate con frederick.cosper@virufy.org y te responderemos con prontitud.,frederick.cosper@virufy.orgまでご連絡いただければ、迅速に対応いたします。
jobDetails.ts,24.title,مهندس سحابي,Cloud Engineer,Ingeniero de Nube,クラウドエンジニア
jobDetails.ts,24.description,"بينما تتوسع فيروفاي إلى العديد من البلدان، نحتاج إلى تنظيم أكبر لبياناتنا. لدينا أكثر من 700,000 عينة سعال من مصادر مختلفة - وهذه الأعداد في تزايد. لذلك، المسؤولية الرئيسية لهذه الوظيفة هي بناء خطوط بيانات من هذه المصادر الخارجية إلى مستودع البيانات. نحن نستخدم AWS، ولكننا نتجه نحو أدوات مفتوحة المصدر.","As Virufy expands into multiple countries, we need greater organization of our data. We have more than 700,000 cough samples from disparate sources—and growing. As such, the primary responsibility of this role is to build data pipelines from these external sources to a data warehouse. We’re on AWS, but pivoting towards open-source tooling.","A medida que Virufy se expande a múltiples países, necesitamos una mejor organización de nuestros datos. Contamos con más de 700,000 muestras de tos de fuentes diversas—y en crecimiento. Por lo tanto, la responsabilidad principal de este rol es construir canalizaciones de datos desde estas fuentes externas hacia un almacén de datos. Estamos en AWS, pero nos estamos orientando hacia herramientas de código abierto.","Virufyが複数の国に展開する中で、私たちのデータの管理が重要になっています。私たちは700,000以上の咳サンプルを、さまざまなソースから収集しており、その数は増え続けています。したがって、この役割の主な責任は、これらの外部ソースからデータウェアハウスへのデータパイプラインを構築することです。私たちはAWSを使用していますが、オープンソースツールに転換しつつあります。"
jobDetails.ts,24.responsibilities.0,بناء واختبار البنية التحتية على منصات سحابية متعددة.,Build and test infrastructure on multiple cloud platforms.,Construir y probar infraestructura en múltiples plataformas en la nube.,複数のクラウドプラットフォーム上でインフラストラクチャを構築およびテストする。
jobDetails.ts,24.responsibilities.1,بناء وتكوين بيئات التطوير والإنتاج.,Build and configure development and production environments.,Construir y configurar entornos de desarrollo y producción.,開発および本番環境を構築および構成する。
jobDetails.ts,24.responsibilities.2,التعاون مع فرق التطبيقات وفرق التعلم الآلي لتقديم خطوط بيانات وظيفية.,Work with application and ML teams to deliver functional data pipelines.,Trabajar con equipos de aplicaciones y de aprendizaje automático para entregar canalizaciones de datos funcionales.,アプリケーションチームやMLチームと協力して、機能的なデータパイプラインを提供する。
jobDetails.ts,24.responsibilities.3,الحفاظ على سير العمل CI/CD.,Maintain CI/CD workflows.,Mantener flujos de trabajo de CI/CD.,CI/CDワークフローを維持する。
jobDetails.ts,24.responsibilities.4,تنفيذ أفضل الممارسات لـ CI/CD و IaC.,Implement best practices for CI/CD and IaC.,Implementar mejores prácticas para CI/CD e Infraestructura como Código (IaC).,CI/CDおよびIaCのベストプラクティスを実装する。
jobDetails.ts,24.minQualifications.0,أساسيات قوية في هندسة البرمجيات.,Strong software engineering fundamentals.,Sólidos fundamentos en ingeniería de software.,強力なソフトウェアエンジニアリングの基礎。
jobDetails.ts,24.minQualifications.1,خبرة في SQL و Python أمر لا غنى عنه.,Experience with SQL and Python is mandatory.,Experiencia con SQL y Python es obligatoria.,SQLおよびPythonに関する経験が必須。
jobDetails.ts,24.minQualifications.2,خبرة في قواعد البيانات العلائقية، MySQL و PostgreSQL.,"Experience with relational databases, MySQL and PostgreSQL databases.","Experiencia con bases de datos relacionales, bases de datos MySQL y PostgreSQL.",MySQLおよびPostgreSQLデータベースに関する経験。
jobDetails.ts,24.minQualifications.3,خبرة في AWS و GCP و Azure.,"Experience with AWS, GCP, Azure.","Experiencia con AWS, GCP, Azure.",AWS、GCP、Azureの経験。
jobDetails.ts,24.minQualifications.4,خبرة في Docker و Kubernetes وعلى الأقل اثنين من الأدوات التالية: EKS و GKE و AKS.,"Experience with Docker, Kubernetes and at least 2 of the following: EKS, GKE, AKS.","Experiencia con Docker, Kubernetes y al menos 2 de los siguientes: EKS, GKE, AKS.",Docker、Kubernetesの経験、およびEKS、GKE、AKSのうち少なくとも2つの経験。
jobDetails.ts,24.minQualifications.5,خبرة في Terraform وكتابة اختبارات لنشر Terraform.,Experience with Terraform and writing tests for Terraform deployments.,Experiencia con Terraform y escritura de pruebas para despliegues con Terraform.,Terraformの経験、およびTerraformデプロイメントのテストを記述する能力。
jobDetails.ts,24.minQualifications.6,خبرة في Go.,Experience with Go.,Experiencia con Go.,Goの経験。
jobDetails.ts,24.minQualifications.7,خبرة في أدوات CI/CD.,Experience with CI/CD tooling.,Experiencia con herramientas de CI/CD.,CI/CDツールの経験。
jobDetails.ts,24.minQualifications.8,دافع للتعلم و/أو المساهمة في منظمة غير ربحية تعنى بالعدالة الصحية.,Motivation to learn and/or contribute to a health-equity nonprofit.,Motivación para aprender y/o contribuir a una organización sin fines de lucro enfocada en la equidad en salud.,ヘルスエクイティに関する非営利団体に学び、または貢献する意欲。
jobDetails.ts,24.minQualifications.9,مهارات تواصل قوية.,Strong communication skills.,Fuertes habilidades de comunicación.,優れたコミュニケーションスキル。
jobDetails.ts,24.desiredSkills.0,خبرة في Helm و Kustomize و ArgoCD.,"Experience with Helm, Kustomize, ArgoCD.","Experiencia con Helm, Kustomize, ArgoCD.",Helm、Kustomize、ArgoCDの経験。
jobDetails.ts,24.desiredSkills.1,خبرة في Apache Spark و Apache Kafka و Apache Airflow.,"Experience with Apache Spark, Apache Kafka, Apache Airflow.","Experiencia con Apache Spark, Apache Kafka, Apache Airflow.",Apache Spark、Apache Kafka、Apache Airflowの経験。
jobDetails.ts,24.desiredSkills.2,يفضل الخبرة في Glue أو Airflow أو الرغبة في التعلم.,Ideally experience with Glue or Airflow or eagerness to learn.,Idealmente experiencia con Glue o Airflow o disposición para aprender.,GlueまたはAirflowの経験がある、または学習意欲。
jobDetails.ts,24.desiredSkills.3,خبرة في إعداد مستودعات البيانات والبحيرات.,Experience setting up data warehouses and lakes.,Experiencia configurando almacenes y lagos de datos.,データウェアハウスやデータレイクの設定経験。
jobDetails.ts,24.desiredSkills.4,مهارات تحليل البيانات.,Data analysis skills.,Habilidades de análisis de datos.,データ分析スキル。
jobDetails.ts,24.desiredSkills.5,مهارات في Java.,Skills in Java.,Habilidades en Java.,Javaのスキル。
jobDetails.ts,24.desiredSkills.6,إلمام بمكتبات وأطر التعلم الآلي.,Familiarity with machine learning libraries and frameworks.,Familiaridad con bibliotecas y marcos de aprendizaje automático.,機械学習ライブラリおよびフレームワークへの精通。
jobDetails.ts,24.hours.0,الحد الأدنى من الالتزام هو 15+ ساعة في الأسبوع لمدة 6 أشهر.,Minimum commitment of 15+ hours per week for a 6 month period.,Compromiso mínimo de 15+ horas por semana durante un período de 6 meses.,週15時間以上のコミットメントで6ヶ月間の期間。
jobDetails.ts,24.questions.0,يرجى التواصل عبر البريد الإلكتروني frederick.cosper@virufy.org وسنرد عليك بسرعة.,Reach out to frederick.cosper@virufy.org and we will get back to you promptly.,Comunícate con frederick.cosper@virufy.org y te responderemos con prontitud.,frederick.cosper@virufy.orgまでご連絡いただければ、迅速に対応いたします。
jobDetails.ts,25.title,مدير نظام يونكس,Unix Administrator,Administrador de Unix,Unix管理者
jobDetails.ts,25.description,قريبًا,Coming soon,Próximamente,近日公開
jobDetails.ts,25.responsibilities.0,قريبًا,Coming soon,Próximamente,近日公開
jobDetails.ts,25.minQualifications.0,قريبًا,Coming soon,Próximamente,近日公開
jobDetails.ts,25.desiredSkills.0,قريبًا,Coming soon,Próximamente,近日公開
jobDetails.ts,25.hours.0,قريبًا,Coming soon,Próximamente,近日公開
jobDetails.ts,25.questions.0,قريبًا,Coming soon,Próximamente,近日公開
jobDetails.ts,26.title,طلب التطوع العام,General Volunteer Application,Solicitud general de voluntariado,一般ボランティアの申し込み
jobDetails.ts,26.description,البحث عن أفراد متحمسين للصحة العالمية ويرغبون في المساهمة على أساس تطوعي بدوام جزئي، حتى لو لم يكن هناك دور محدد مدرج حاليًا. هذه هي فرصتك لإخبارنا عن رغبتك في دعم مهمة Virufy لتسخير الذكاء الاصطناعي للكشف عن الأوبئة والاستجابة لها.,"Seeking individuals who are passionate about global health and want to contribute on a part-time volunteer basis, even if a specific role isn't currently listed. This is your opportunity to tell us how you'd like to support Virufy's mission to harness AI for pandemic detection and response.","Buscando personas apasionadas por la salud global y que quieran contribuir como voluntarios a tiempo parcial, incluso si una función específica no figura actualmente en la lista. Esta es su oportunidad para decirnos cómo le gustaría apoyar la misión de Virufy de aprovechar la IA para la detección y respuesta a pandemias.",特定の役割が現在リストされていない場合でも、グローバルヘルスに情熱を持ち、パートタイムのボランティアベースで貢献したいと考えている個人を求めています。これは、パンデミックの検出と対応に AI を活用するという Virufy の使命をどのようにサポートしたいかを教えていただく機会です。
jobDetails.ts,26.responsibilities.0,تحديد خارطة طريق المنتج وإدارة تراكم المنتج.,Define product roadmap and manage product backlog.,Definir la hoja de ruta del producto y gestionar la cartera de productos.,製品ロードマップを定義し、製品バックログを管理します。
jobDetails.ts,26.responsibilities.1,تحليل احتياجات المستخدم وظروف السوق.,Analyze user needs and market conditions.,Analizar las necesidades de los usuarios y las condiciones del mercado.,ユーザーのニーズと市場状況を分析します。
jobDetails.ts,26.responsibilities.2,توصيل متطلبات المنتج إلى فريق التطوير.,Communicate product requirements to the development team.,Comunicar los requisitos del producto al equipo de desarrollo.,製品要件を開発チームに伝えます。
jobDetails.ts,26.responsibilities.3,تحديد أولويات المهام والتأكد من تحقيقها بنجاح.,Prioritize tasks and ensure they are successfully achieved.,Priorice las tareas y asegúrese de que se realicen con éxito.,タスクに優先順位を付け、それらが確実に確実に達成されるようにします。
jobDetails.ts,26.responsibilities.4,تطوير وتنفيذ والحفاظ على الجداول الزمنية للإنتاج.,"Develop, implement, and maintain production timelines.","Desarrollar, implementar y mantener cronogramas de producción.",生産スケジュールを開発、実装、維持します。
jobDetails.ts,26.responsibilities.5,العمل بشكل تعاوني مع فريق التطوير وواجهة المستخدم/تجربة المستخدم والشركات الشريكة.,"Work collaboratively with development team, UI/UX, and partner companies.","Trabaje en colaboración con el equipo de desarrollo, UI/UX y empresas asociadas.",開発チーム、UI/UX、パートナー企業と協力して作業します。
jobDetails.ts,26.minQualifications.0,سن 18 عامًا أو أكثر.,Age 18 or over.,18 años o más.,18歳以上。
jobDetails.ts,26.minQualifications.1,مرخص قانونيًا للعمل في الولايات المتحدة (نحن لا نرعى التأشيرات).,Legally authorized to work in the United States (We do not sponsor Visas).,Legalmente autorizado para trabajar en los Estados Unidos (No patrocinamos Visas).,米国で働くことが法的に認められている（当社はビザのスポンサーではありません）。
jobDetails.ts,26.minQualifications.2,خريج مدرسة ثانوية أو شهادة جامعية.,High School Graduate or College Degree.,Graduado de escuela secundaria o título universitario.,高校卒業または大学卒業。
jobDetails.ts,26.minQualifications.3,معرف صورة صالح (رخصة القيادة أو جواز السفر).,Valid Photo ID (Driver's License or Passport).,Identificación con fotografía válida (licencia de conducir o pasaporte).,有効な写真付き身分証明書（運転免許証またはパスポート）。
jobDetails.ts,26.minQualifications.4,يجب أن يكون متعدد اللغات (الإنجليزية والإسبانية والبرتغالية).,"Must Be Multi-Lingual (English, Spanish & Portuguese).","Debe ser multilingüe (inglés, español y portugués).",多言語（英語、スペイン語、ポルトガル語）に堪能である必要があります。
jobDetails.ts,26.desiredSkills.0,الخبرة السابقة في المنتج.,Previous experience in product.,Experiencia previa en producto.,製品に関するこれまでの経験。
jobDetails.ts,26.desiredSkills.1,منظمة وتعاونية وموجهة نحو التفاصيل.,"Organized, collaborative, and detail-oriented.","Organizado, colaborativo y orientado a los detalles.",組織的で、協力的で、細部を重視します。
jobDetails.ts,26.desiredSkills.2,مهارات تواصل استثنائية.,Exceptional communication skills.,Habilidades de comunicación excepcionales.,卓越したコミュニケーション能力。
jobDetails.ts,26.desiredSkills.3,شعور قوي بالمسؤولية.,Strong sense of responsibility.,Fuerte sentido de responsabilidad.,責任感が強い。
jobDetails.ts,26.hours.0,أكثر من 10 ساعات أسبوعيًا أثناء توطين السياسات بشكل نشط.,10+ hours per week while actively localizing policies.,Más de 10 horas por semana mientras localiza políticas activamente.,ポリシーを積極的にローカライズしながら、週 10 時間以上。
jobDetails.ts,26.questions.0,يرجى التواصل عبر البريد الإلكتروني frederick.cosper@virufy.org وسنرد عليك بسرعة.,Reach out to frederick.cosper@virufy.org and we will get back to you promptly.,Comunícate con frederick.cosper@virufy.org y te responderemos con prontitud.,frederick.cosper@virufy.orgまでご連絡いただければ、迅速に対応いたします。
jobListing.ts,titleImage,تُدار فيروفاي بالكامل بواسطة المتطوعين وشركات الشركاء المتبرعة.,Virufy is entirely run by volunteers and pro bono partner companies.,Virufy es operado completamente por voluntarios y empresas asociadas pro bono.,Virufyはすべてボランティアとプロボノパートナー企業によって運営されています。
jobListing.ts,modal.text,هل تفهم أن هذه كلها وظائف غير مدفوعة، وظائف تطوعية؟,"Do you understand these are all unpaid, volunteer positions?",¿Entiendes que todos estos son puestos no remunerados y de voluntariado?,これらがすべて無給のボランティアポジションであることをご理解いただけますか？
jobListing.ts,modal.yes,نعم,Yes,Sí,はい
jobListing.ts,modal.no,لا,No,No,いいえ
jobListing.ts,applyButtonText,التقديم,Apply,Postularse,応募する
jobListing.ts,jobDetailSectionTitles.responsibilities,المسؤوليات,Responsibilities,Responsabilidades,職務内容
jobListing.ts,jobDetailSectionTitles.desiredSkills,المهارات المطلوبة,Desired Skills,Habilidades Deseadas,望ましいスキル
jobListing.ts,jobDetailSectionTitles.minQualifications,المؤهلات الدنيا,Minimum Qualifications,Calificaciones Mínimas,基本条件
jobListing.ts,jobDetailSectionTitles.hours,الساعات,Hours,Horas,勤務時間
jobListing.ts,jobDetailSectionTitles.questions,أسئلة؟,Questions?,¿Preguntas?,ご質問
jobListing.ts,jobDetailSectionTitles.applyButtonText,التقديم على هذا الدور,Apply to this Role,Postularse a este Rol,この役職に応募する
jobListing.ts,jobList.0.category,الهندسة,Engineering,Ingeniería,エンジニアリング
jobListing.ts,jobList.0.positions.0.title,مهندس برمجيات,Software Engineer,Ingeniero de Software,ソフトウェアエンジニア
jobListing.ts,jobList.0.positions.0.id,1,1,1,1
jobListing.ts,jobList.0.positions.1.title,مهندس تعلم الآلة,Machine Learning Engineer,Ingeniero de Machine Learning,機械学習エンジニア
jobListing.ts,jobList.0.positions.1.id,2,2,2,2
jobListing.ts,jobList.0.positions.2.title,مهندس تعلم الآلة (النمذجة),Machine Learning Engineer (Modeling),Ingeniero de Machine Learning (Modelado),機械学習エンジニア（モデリング）
jobListing.ts,jobList.0.positions.2.id,3,3,3,3
jobListing.ts,jobList.0.positions.3.title,مهندس معالجة الإشارة الصوتية,Audio Signal Processing Engineer,Ingeniero de Procesamiento de Señales de Audio,オーディオ信号処理エンジニア
jobListing.ts,jobList.0.positions.3.id,4,4,4,4
jobListing.ts,jobList.0.positions.4.title,مهندس ديف أوبس,DevOps Engineer,Ingeniero DevOps,DevOpsエンジニア
jobListing.ts,jobList.0.positions.4.id,5,5,5,5
jobListing.ts,jobList.0.positions.5.title,مهندس أمن المعلومات,Infosec Engineer,Ingeniero de Seguridad Informática,情報セキュリティエンジニア
jobListing.ts,jobList.0.positions.5.id,6,6,6,6
jobListing.ts,jobList.1.category,البيانات,Data,Datos,データ
jobListing.ts,jobList.1.positions.0.title,متدرب خصوصية البيانات,Data Privacy Intern,Pasante en Privacidad de Datos,データプライバシーインターン
jobListing.ts,jobList.1.positions.0.id,7,7,7,7
jobListing.ts,jobList.1.positions.1.title,عالم بيانات مساعد,Associate Data Scientist,Científico de Datos Asociado,アソシエイトデータサイエンティスト
jobListing.ts,jobList.1.positions.1.id,8,8,8,8
jobListing.ts,jobList.2.category,الإدارة,Management,Gestión,マネジメント
jobListing.ts,jobList.2.positions.0.title,مدير أعمال,Business Manager,Gerente de Negocios,ビジネスマネージャー
jobListing.ts,jobList.2.positions.0.id,9,9,9,9
jobListing.ts,jobList.2.positions.1.title,مدير مشروع,Project Manager,Gerente de Proyectos,プロジェクトマネージャー
jobListing.ts,jobList.2.positions.1.id,10,10,10,10
jobListing.ts,jobList.2.positions.2.title,مدير منتج,Product Manager,Gerente de Producto,プロダクトマネージャー
jobListing.ts,jobList.2.positions.2.id,11,11,11,11
jobListing.ts,jobList.3.category,الموارد البشرية,Human Resources,Recursos Humanos,人事
jobListing.ts,jobList.3.positions.0.title,شريك أعمال الموارد البشرية,HR Business Partner,Socio de Recursos Humanos,HRビジネスパートナー
jobListing.ts,jobList.3.positions.0.id,12,12,12,12
jobListing.ts,jobList.3.positions.1.title,مساعد إداري للموارد البشرية,HR Administrative Assistant,Asistente Administrativo de Recursos Humanos,HRアドミニストレーティブアシスタント
jobListing.ts,jobList.3.positions.1.id,13,13,13,13
jobListing.ts,jobList.3.positions.2.title,موظف توظيف تقني,Technical Recruiter,Reclutador Técnico,テクニカルリクルーター
jobListing.ts,jobList.3.positions.2.id,14,14,14,14
jobListing.ts,jobList.4.category,القانون,Legal,Legal,法務
jobListing.ts,jobList.4.positions.0.title,محامي شركة (موجه لتكنولوجيا المعلومات),Corporate Attorney (IT Oriented),Abogado Corporativo (Orientado a TI),企業弁護士（IT志向）
jobListing.ts,jobList.4.positions.0.id,15,15,15,15
jobListing.ts,jobList.4.positions.1.title,مساعد قانوني,Paralegal,Asistente Legal,パラリーガル
jobListing.ts,jobList.4.positions.1.id,16,16,16,16
jobListing.ts,jobList.5.category,تكنولوجيا المعلومات (IT),Information Technology (IT),Tecnología de la Información (TI),情報技術（IT）
jobListing.ts,jobList.5.positions.0.title,محلل أعمال,Business Analyst,Analista de Negocios,ビジネスアナリスト
jobListing.ts,jobList.5.positions.0.id,17,17,17,17
jobListing.ts,jobList.5.positions.1.title,مبرمج بايثون,Python Programmer,Programador Python,Pythonプログラマー
jobListing.ts,jobList.5.positions.1.id,18,18,18,18
jobListing.ts,jobList.5.positions.2.title,كاتب تقني,Technical Writer,Redactor Técnico,テクニカルライター
jobListing.ts,jobList.5.positions.2.id,19,19,19,19
jobListing.ts,jobList.5.positions.3.title,مهندس ضمان الجودة,Quality Assurance Engineer,Ingeniero de Aseguramiento de Calidad,品質保証エンジニア
jobListing.ts,jobList.5.positions.3.id,20,20,20,20
jobListing.ts,jobList.5.positions.4.title,مطور AWS,AWS Developer,Desarrollador AWS,AWS開発者
jobListing.ts,jobList.5.positions.4.id,21,21,21,21
jobListing.ts,jobList.5.positions.5.title,معماري AWS,AWS Architect,Arquitecto AWS,AWSアーキテクト
jobListing.ts,jobList.5.positions.5.id,22,22,22,22
jobListing.ts,jobList.5.positions.6.title,مهندس AWS,AWS Engineer,Ingeniero AWS,AWSエンジニア
jobListing.ts,jobList.5.positions.6.id,23,23,23,23
jobListing.ts,jobList.5.positions.7.title,مهندس سحابي,Cloud Engineer,Ingeniero de la Nube,クラウドエンジニア
jobListing.ts,jobList.5.positions.7.id,24,24,24,24
jobListing.ts,jobList.5.positions.8.title,مدير أنظمة Unix,Unix Administrator,Administrador Unix,Unix管理者
jobListing.ts,jobList.5.positions.8.id,25,25,25,25
jobListing.ts,jobList.6.category,عام,General,General,一般的な
jobListing.ts,jobList.6.positions.0.title,طلب وظيفة عامة,General Job Application,Solicitud de empleo general,一般的な求人応募
jobListing.ts,jobList.6.positions.0.id,26,26,26,26
navbar.ts,home,الصفحة الرئيسية,Home,Inicio,ホーム
navbar.ts,ourTechnology.section,التكنولوجيا,Technology,Tecnología,技術
navbar.ts,coughCheckApp.section,تطبيق كوف تشيك,CoughCheck App,CoughCheck App,咳チェックアプリ
navbar.ts,coughCheckApp.covid19,كوفيد-19,Covid-19,Covid-19,COVID-19
navbar.ts,coughCheckApp.flu,الإنفلونزا,Flu,Gripe,インフルエンザ
navbar.ts,coughCheckApp.copd,مرض الانسداد الرئوي المزمن,COPD,COPD,COPD
navbar.ts,coughCheckApp.rsv,RSV,RSV,RSV,RSV
navbar.ts,aboutUs.section,معلومات عنا,About Us,Sobre Nosotros,私たちについて
navbar.ts,aboutUs.advisors,المستشارين,Advisors,Asesores,アドバイザー
navbar.ts,aboutUs.ourSupporters,داعمونا,Our Supporters,Nuestros Apoyantes,サポーター
navbar.ts,aboutUs.blog,المدونة,Blog,Blog,ブログ
navbar.ts,aboutUs.oneYoungWorld,وان يونغ وورلد,One Young World,Un Mundo Joven,One Young World
navbar.ts,media.section,وسائل الإعلام,Media,Medios,メディア
navbar.ts,media.pressReleases,البيانات الصحفية,News,Comunicados de prensa,プレスリリース
navbar.ts,media.ourResearch,المنشورات,Publications,Publicaciones,出版物
navbar.ts,faq,الأسئلة الشائعة,FAQ,FAQ,よくある質問
navbar.ts,donate.buttonText,تبرع,Donate,Donar,寄付
navbar.ts,donate.optionsTitle,خيارات التبرع,Donate Options,Donate Options,寄付方法
navbar.ts,joinUs.buttonText,انضم إلينا,Join Us,Únete a Nosotros,参加する
navbar.ts,searchPlaceholder,يبحث...,Search...,Buscar...,検索...
navbar.ts,noResultsPlaceholder,لم يتم العثور على نتائج,No Results Found,No se encontraron resultados,結果が見つかりませんでした
news.ts,pressReleaseSection.title,أخبار,News,Noticias,ニュース
news.ts,pressReleaseCards.0.title,فيروفي تستعرض نجاحها في فحص الجهاز التنفسي باستخدام الذكاء الاصطناعي في أبوظبي,Virufy Showcases AI Respiratory screening Success at Abu Dhabi,Virufy demuestra el éxito de la detección respiratoria con IA en Abu Dabi,Virufy、アブダビでAI呼吸器スクリーニングの成功例を展示
news.ts,pressReleaseCards.0.date,يونيو 2025,June 2025,junio de 2025,2025年6月
news.ts,pressReleaseCards.0.subText,,,,
news.ts,pressReleaseCards.0.url,/en/news/uae-adghw-apr-2025,/en/news/uae-adghw-apr-2025,/en/news/uae-adghw-apr-2025,/en/news/uae-adghw-apr-2025
news.ts,pressReleaseCards.0.linkText,اقرأ المزيد,Read More,Leer más,続きを読む
news.ts,pressReleaseCards.1.title,Virufy تعرض تقنية مبتكرة لفحص COVID-19 في معرض Prototypes for Humanity 2024 في دبي,Virufy to Showcase Innovative COVID-19 Screening Technology at Prototypes for Humanity 2024 in Dubai,Virufy presentará tecnología innovadora de detección de COVID-19 en Prototypes for Humanity 2024 en Dubái,Virufy、2024年ドバイのPrototypes for Humanityで革新的なCOVID-19スクリーニング技術を披露
news.ts,pressReleaseCards.1.date,نوفمبر 2024,November 2024,Noviembre 2024,2024年11月
news.ts,pressReleaseCards.1.subText,,,,
news.ts,pressReleaseCards.1.url,/ar/news/press-release-dubai,/en/news/press-release-dubai,/es/news/press-release-dubai,/ja/news/press-release-dubai
news.ts,pressReleaseCards.1.linkText,اقرأ المزيد,Read More,Leer más,続きを読む
news.ts,pressReleaseCards.2.title,"تطبيق Virufy Beta يُطلق في كولومبيا، موفرًا الكشف عن COVID-19 في المنزل لـ 4,500 مستخدم","Virufy Beta App Launched in Colombia, Providing At-Home COVID-19 Detection to 4,500 Users","Virufy lanza su app beta en Colombia, brindando detección de COVID-19 en casa a 4,500 usuarios","Virufyベータ版アプリがコロンビアでリリース、4,500人のユーザーに自宅でCOVID-19検出を提供"
news.ts,pressReleaseCards.2.date,فبراير 2023,February 2023,Febrero 2023,2023年2月
news.ts,pressReleaseCards.2.subText,,,,
news.ts,pressReleaseCards.2.url,/ar/news/beta-app-release-2023,/en/news/beta-app-release-2023,/es/news/beta-app-release-2023,/ja/news/beta-app-release-2023
news.ts,pressReleaseCards.2.linkText,اقرأ المزيد,Read More,Leer más,続きを読む
news.ts,pressReleaseCards.3.title,BARDA تدعم تطوير تطبيقات رقمية جديدة تعتمد على الذكاء الاصطناعي/التعلم الآلي للكشف عن الأمراض المعدية عبر الأعراض البصرية والسمعية,BARDA supports development of novel AI/ML-based digital apps for visual and auditory symptomatic infectious disease detection,BARDA apoya el desarrollo de aplicaciones digitales basadas en IA/ML para la detección de enfermedades infecciosas visuales y auditivas,BARDA、視覚および聴覚症状に基づく感染症検出のための新しいAI/MLデジタルアプリの開発を支援
news.ts,pressReleaseCards.3.date,نوفمبر 2022,November 2022,Noviembre 2022,2022年11月
news.ts,pressReleaseCards.3.subText,الإجراءات الطبية، الولايات المتحدة,"Medical Countermeasures, United States","Contramedidas Médicas, Estados Unidos",医療対策、アメリカ合衆国
news.ts,pressReleaseCards.3.url,https://medicalcountermeasures.gov/newsroom/2022/ai_ml/,https://medicalcountermeasures.gov/newsroom/2022/ai_ml/,https://medicalcountermeasures.gov/newsroom/2022/ai_ml/,https://medicalcountermeasures.gov/newsroom/2022/ai_ml/
news.ts,pressReleaseCards.3.linkText,اقرأ المزيد,Read More,Leer más,続きを読む
news.ts,pressReleaseCards.4.title,هذا التطبيق يسعى لتشخيص COVID-19 بمجرد السعال أمام الهاتف,Esta app busca diagnosticar Covid-19 con sólo toser frente al teléfono,Esta app busca diagnosticar Covid-19 con sólo toser frente al teléfono,このアプリは電話の前で咳をするだけでCOVID-19を診断することを目指しています
news.ts,pressReleaseCards.4.date,فبراير 2021,February 2021,Febrero 2021,2021年2月
news.ts,pressReleaseCards.4.subText,Forbes، المكسيك,"Forbes, Mexico","Forbes, México","Forbes, メキシコ"
news.ts,pressReleaseCards.4.url,https://www.forbes.com.mx/emprendedores-app-diagnostico-covid-19-toser-telefono/,https://www.forbes.com.mx/emprendedores-app-diagnostico-covid-19-toser-telefono/,https://www.forbes.com.mx/emprendedores-app-diagnostico-covid-19-toser-telefono/,https://www.forbes.com.mx/emprendedores-app-diagnostico-covid-19-toser-telefono/
news.ts,pressReleaseCards.4.linkText,اقرأ المزيد,Read More,Leer más,続きを読む
news.ts,pressReleaseCards.5.title,COVID-19: تطبيق Virufy يمكنه تشخيص الفيروس من خلال تحليل السعال,COVID-19: Aplicativo Virufy puede diagnosticar el virus mediante el análisis de la tos,COVID-19: Aplicativo Virufy puede diagnosticar el virus mediante el análisis de la tos,COVID-19: Virufyアプリは咳の分析を通じてウイルスを診断可能
news.ts,pressReleaseCards.5.date,يناير 2021,January 2021,Enero 2021,2021年1月
news.ts,pressReleaseCards.5.subText,MSN,MSN,MSN,MSN
news.ts,pressReleaseCards.5.url,https://www.americatv.com.pe/noticias/actualidad/covid-19-aplicativo-virufy-puede-diagnosticar-virus-mediante-analisis-tiene-precision-80-y-no-reemplazara-pruebas-diagnostico-grado-hospitalario-tos-n433332,https://www.americatv.com.pe/noticias/actualidad/covid-19-aplicativo-virufy-puede-diagnosticar-virus-mediante-analisis-tiene-precision-80-y-no-reemplazara-pruebas-diagnostico-grado-hospitalario-tos-n433332,https://www.americatv.com.pe/noticias/actualidad/covid-19-aplicativo-virufy-puede-diagnosticar-virus-mediante-analisis-tiene-precision-80-y-no-reemplazara-pruebas-diagnostico-grado-hospitalario-tos-n433332,https://www.americatv.com.pe/noticias/actualidad/covid-19-aplicativo-virufy-puede-diagnosticar-virus-mediante-analisis-tiene-precision-80-y-no-reemplazara-pruebas-diagnostico-grado-hospitalario-tos-n433332
news.ts,pressReleaseCards.5.linkText,اقرأ المزيد,Read More,Leer más,続きを読む
news.ts,pressReleaseCards.6.title,VIRUFY: منصة تتيح الكشف عما إذا كنا مصابين بـ COVID-19,VIRUFY: plataforma que permite detectar si estamos contagiados con COVID-19,VIRUFY: plataforma que permite detectar si estamos contagiados con COVID-19,VIRUFY: COVID-19に感染しているかどうかを検出するプラットフォーム
news.ts,pressReleaseCards.6.date,أكتوبر 2020,October 2020,Octubre 2020,2020年10月
news.ts,pressReleaseCards.6.subText,Expreso، ليما، بيرو,"Expreso, Lima, Peru","Expreso, Lima, Perú","Expreso, リマ, ペルー"
news.ts,pressReleaseCards.6.url,https://www.expreso.com.pe/actualidad/virufy-plataforma-que-permite-detectar-si-estamos-contagiados-con-covid-19/,https://www.expreso.com.pe/actualidad/virufy-plataforma-que-permite-detectar-si-estamos-contagiados-con-covid-19/,https://www.expreso.com.pe/actualidad/virufy-plataforma-que-permite-detectar-si-estamos-contagiados-con-covid-19/,https://www.expreso.com.pe/actualidad/virufy-plataforma-que-permite-detectar-si-estamos-contagiados-con-covid-19/
news.ts,pressReleaseCards.6.linkText,اقرأ المزيد,Read More,Leer más,続きを読む
news.ts,pressReleaseCards.7.title,سفير One Young World في اليابان يستهدف COVID-19 باستخدام الذكاء الاصطناعي,One Young World Japan Ambassador Targets COVID-19 Using A.I.,Embajador de One Young World Japón combate el COVID-19 utilizando IA,One Young World日本アンバサダーがAIを活用してCOVID-19に挑む
news.ts,pressReleaseCards.7.date,مايو 2020,May 2020,Mayo 2020,2020年5月
news.ts,pressReleaseCards.7.subText,One Young World، طوكيو، اليابان,"One Young World, Tokyo, Japan","One Young World, Tokio, Japón","One Young World, 東京, 日本"
news.ts,pressReleaseCards.7.url,https://oywj.org/ambassadors-in-action/2020/05/oywj-ambassador-targets-covid-19-using-ai/,https://oywj.org/ambassadors-in-action/2020/05/oywj-ambassador-targets-covid-19-using-ai/,https://oywj.org/ambassadors-in-action/2020/05/oywj-ambassador-targets-covid-19-using-ai/,https://oywj.org/ambassadors-in-action/2020/05/oywj-ambassador-targets-covid-19-using-ai/
news.ts,pressReleaseCards.7.linkText,اقرأ المزيد,Read More,Leer más,続きを読む
news.ts,pressReleaseCards.8.title,سفراء أمريكا الشمالية في الخطوط الأمامية لمواجهة COVID-19,North American Ambassadors on the Frontlines of the COVID-19 Response,Embajadores de América del Norte en la primera línea de la respuesta al COVID-19,COVID-19対応の最前線に立つ北米アンバサダーたち
news.ts,pressReleaseCards.8.date,2020,2020,2020,2020年
news.ts,pressReleaseCards.8.subText,One Young World,One Young World,One Young World,One Young World
news.ts,pressReleaseCards.8.url,https://www.oneyoungworld.com/north-american-ambassadors-frontlines-covid-19-response,https://www.oneyoungworld.com/north-american-ambassadors-frontlines-covid-19-response,https://www.oneyoungworld.com/north-american-ambassadors-frontlines-covid-19-response,https://www.oneyoungworld.com/north-american-ambassadors-frontlines-covid-19-response
news.ts,pressReleaseCards.8.linkText,اقرأ المزيد,Read More,Leer más,続きを読む
news.ts,pressReleaseCards.9.title,سفراء الشهر يوليو,Ambassadors of the Month July,Embajadores del Mes de Julio,7月のアンバサダー・オブ・ザ・マンス
news.ts,pressReleaseCards.9.date,يوليو 2020,July 2020,Julio 2020,2020年7月
news.ts,pressReleaseCards.9.subText,One Young World,One Young World,One Young World,One Young World
news.ts,pressReleaseCards.9.url,https://www.oneyoungworld.com/news-item/july-2020-ambassadors-month,https://www.oneyoungworld.com/news-item/july-2020-ambassadors-month,https://www.oneyoungworld.com/news-item/july-2020-ambassadors-month,https://www.oneyoungworld.com/news-item/july-2020-ambassadors-month
news.ts,pressReleaseCards.9.linkText,اقرأ المزيد,Read More,Leer más,続きを読む
news.ts,pressReleaseCards.10.title,آلاف يحضرون فعاليات OYW الرقمية العالمية في يوليو: ملخص لما فاتك,Thousands attend OYW's global digital events in July: A recap of what you've missed,Miles asisten a los eventos digitales globales de OYW en julio: Un resumen de lo que te perdiste,7月に開催されたOYWのグローバルデジタルイベントに数千人が参加：見逃した内容を振り返る
news.ts,pressReleaseCards.10.date,يوليو 2020,July 2020,Julio 2020,2020年7月
news.ts,pressReleaseCards.10.subText,One Young World,One Young World,One Young World,One Young World
news.ts,pressReleaseCards.10.url,https://www.oneyoungworld.com/news-item/thousands-attend-oyws-global-digital-events-july-recap-what-youve-missed,https://www.oneyoungworld.com/news-item/thousands-attend-oyws-global-digital-events-july-recap-what-youve-missed,https://www.oneyoungworld.com/news-item/thousands-attend-oyws-global-digital-events-july-recap-what-youve-missed,https://www.oneyoungworld.com/news-item/thousands-attend-oyws-global-digital-events-july-recap-what-youve-missed
news.ts,pressReleaseCards.10.linkText,اقرأ المزيد,Read More,Leer más,続きを読む
news.ts,pressReleaseCards.11.title,منتدى One Young World طوكيو 2020,One Young World Tokyo 2020 Caucus,Caucus de One Young World Tokio 2020,One Young World東京2020カーカス
news.ts,pressReleaseCards.11.date,2020,2020,2020,2020年
news.ts,pressReleaseCards.11.subText,One Young World,One Young World,One Young World,One Young World
news.ts,pressReleaseCards.11.url,https://www.oneyoungworld.com/event/one-young-world-tokyo-caucus-2020,https://www.oneyoungworld.com/event/one-young-world-tokyo-caucus-2020,https://www.oneyoungworld.com/event/one-young-world-tokyo-caucus-2020,https://www.oneyoungworld.com/event/one-young-world-tokyo-caucus-2020
news.ts,pressReleaseCards.11.linkText,اقرأ المزيد,Read More,Leer más,続きを読む
news.ts,pressReleaseCards.12.title,عرض Virufy في منتدى One Young World طوكيو 2020,Virufy Presentation to One Young World Tokyo 2020 Cacus,Presentación de Virufy en One Young World Tokio 2020 Caucus,One Young World東京2020カーカスでのVirufyプレゼンテーション
news.ts,pressReleaseCards.12.date,2020,2020,2020,2020年
news.ts,pressReleaseCards.12.subText,One Young World، طوكيو، اليابان,"One Young World, Tokyo, Japan","One Young World, Tokio, Japón","One Young World, 東京, 日本"
news.ts,pressReleaseCards.12.url,https://youtu.be/UZU3rPTEPfU,https://youtu.be/UZU3rPTEPfU,https://youtu.be/UZU3rPTEPfU,https://youtu.be/UZU3rPTEPfU
news.ts,pressReleaseCards.12.linkText,شاهد الآن,Watch Now,Ver ahora,今すぐ見る
paper.ts,meta,,"Get to read some of the most relevant papers about COVID-19 transmission, control, detection and the use of artificial intelligence for pre-screenings.",,
paper.ts,title,,Papers on Covid-19 detection with AI | Virufy,,
paper.ts,headers.header,,Paper,,
paper.ts,papers.section2.date,,November 2020,,
paper.ts,papers.section2.title,,Virufy: Global Applicability of Crowdsourced and Clinical Datasets for AI Detection of COVID-19 from Cough,,
paper.ts,papers.section2.readMoreLink,,Read more...,,
paper.ts,papers.section4.date,,September 2021,,
paper.ts,papers.section4.title,,Challenges and Opportunities in the Deploying of COVID-19 Cough AI Systems,,
paper.ts,papers.section4.readMoreLink,,Read more...,,
paper.ts,papers.section5.date,,January 2022,,
paper.ts,papers.section5.title,,Using Deep Learning with Large Aggregated Datasets for COVID-19 Classification from Cough,,
paper.ts,papers.section5.readMoreLink,,Read more...,,
paper.ts,papers.section6.date,,January 2022,,
paper.ts,papers.section6.title,,Covid 19 Calculator -- Positive U.S. Socio-Economic Impact,,
paper.ts,papers.section6.readMoreLink,,Read more...,,
paper.ts,papers.section6.calculatorLink,,Calculator,,
paper.ts,papers.section3.date,,February 2023,,
paper.ts,papers.section3.title,,Complex Clipping for Improved Generalization in Machine Learning,,
paper.ts,papers.section3.readMoreLink,,Read more...,,
paper.ts,papers.section7.date,,October 2022,,
paper.ts,papers.section7.title,,Hierarchical Multi-modal Transformer for Automatic Detection of COVID-19,,
paper.ts,papers.section7.readMoreLink,,Read more...,,
publications.ts,publicationsSection.title,المنشورات,Publications,Publicaciones,出版物
publications.ts,publicationsSection.texts.0,يمكنك العثور أدناه على العديد من أوراقنا التي تعرض التطور والعلم وراء قوة Virufy,Below you can find several of our papers that showcase the development and science behind the power of Virufy.,A continuación puede encontrar varios de nuestros artículos que muestran el desarrollo y la ciencia detrás del poder de Virufy.,以下では、Virufyの開発とその科学的根拠を示すいくつかの論文をご覧いただけます。
publications.ts,publicationsCards.0.title,محول متعدد النماذج الهرمي للكشف التلقائي عن COVID-19,Hierarchical Multi-modal Transformer for Automatic Detection of COVID-19,Transformador Multimodal Jerárquico para Detección Automática de COVID-19,COVID-19自動検出のための階層型マルチモデルトランスフォーマー
publications.ts,publicationsCards.0.date,أكتوبر 2022,October 2022,Octubre 2022,2022年10月
publications.ts,publicationsCards.0.url,https://dl.acm.org/doi/10.1145/3556384.3556414,https://dl.acm.org/doi/10.1145/3556384.3556414,https://dl.acm.org/doi/10.1145/3556384.3556414,https://dl.acm.org/doi/10.1145/3556384.3556414
publications.ts,publicationsCards.0.linkText,اقرأ المزيد,Read More,Leer más,続きを読む
publications.ts,publicationsCards.1.title,آلة حساب COVID-19 -- التأثير الإيجابي على الاقتصاد والمجتمع في الولايات المتحدة,Covid 19 Calculator -- Positive U.S. Socio-Economic Impact,Calculadora de Covid 19: impacto socioeconómico positivo en EE. UU.,Covid 19計算機 -- 米国の社会経済に与えるポジティブな影響
publications.ts,publicationsCards.1.date,يناير 2022,January 2022,Enero 2022,2022年1月
publications.ts,publicationsCards.1.url,https://arxiv.org/abs/2201.11109,https://arxiv.org/abs/2201.11109,https://arxiv.org/abs/2201.11109,https://arxiv.org/abs/2201.11109
publications.ts,publicationsCards.1.linkText,اقرأ المزيد,Read More,Leer más,続きを読む
publications.ts,publicationsCards.2.title,استخدام التعلم العميق مع مجموعات بيانات كبيرة مجمعة لتصنيف COVID-19 من السعال,Using Deep Learning with Large Aggregated Datasets for COVID-19 Classification from Cough,Uso del aprendizaje profundo con grandes conjuntos de datos agregados para la clasificación de COVID-19 a partir de la tos,咳からCOVID-19を分類するための大規模集約データセットを用いたディープラーニング
publications.ts,publicationsCards.2.date,يناير 2022,January 2022,Enero 2022,2022年1月
publications.ts,publicationsCards.2.url,https://arxiv.org/abs/2201.01669,https://arxiv.org/abs/2201.01669,https://arxiv.org/abs/2201.01669,https://arxiv.org/abs/2201.01669
publications.ts,publicationsCards.2.linkText,اقرأ المزيد,Read More,Leer más,続きを読む
publications.ts,publicationsCards.3.title,التحديات والفرص في نشر أنظمة الذكاء الاصطناعي للكشف عن COVID-19 من السعال,Challenges and Opportunities in the Deploying of COVID-19 Cough AI Systems,Desafíos y oportunidades en la implementación de sistemas de inteligencia artificial para la tos COVID-19,COVID-19咳AIシステムの展開における課題と機会
publications.ts,publicationsCards.3.date,سبتمبر 2021,September 2021,Septiembre 2021,2021年9月
publications.ts,publicationsCards.3.url,https://www.ncbi.nlm.nih.gov/pmc/articles/PMC8421112/,https://www.ncbi.nlm.nih.gov/pmc/articles/PMC8421112/,https://www.ncbi.nlm.nih.gov/pmc/articles/PMC8421112/,https://www.ncbi.nlm.nih.gov/pmc/articles/PMC8421112/
publications.ts,publicationsCards.3.linkText,اقرأ المزيد,Read More,Leer más,続きを読む
publications.ts,publicationsCards.4.title,Virufy: إمكانية التطبيق العالمي لمجموعات البيانات السريرية والجمعية من أجل اكتشاف الذكاء الاصطناعي لكوفيد-19 من خلال السعال,Virufy: Global Applicability of Crowdsourced and Clinical Datasets for AI Detection of COVID-19 from Cough,Virufy: Aplicabilidad global de conjuntos de datos clínicos y de colaboración colectiva para la detección mediante IA de COVID-19 a partir de la tos,Virufy: 咳からCOVID-19を検出するAIのためのクラウドソーシングおよび臨床データセットのグローバル適用性
publications.ts,publicationsCards.4.date,نوفمبر 2020,November 2020,Noviembre 2020,2020年11月
publications.ts,publicationsCards.4.url,https://ui.adsabs.harvard.edu/abs/2020arXiv201113320C/abstract,https://ui.adsabs.harvard.edu/abs/2020arXiv201113320C/abstract,https://ui.adsabs.harvard.edu/abs/2020arXiv201113320C/abstract,https://ui.adsabs.harvard.edu/abs/2020arXiv201113320C/abstract
publications.ts,publicationsCards.4.linkText,اقرأ المزيد,Read More,Leer más,続きを読む
publications.ts,collaborateSection.title,هل ترغب في التعاون البحثي؟,Interested for research collaboration?,Ayudemos al mundo y salvemos vidas registrando tu tos,私たちの研究に協力しませんか？
publications.ts,collaborateSection.linkText,انضم إلى فريقنا,Join Our Team,Comparte tu tos,チームに参加
story.ts,storySection.title,"كيف بدأت الفكرة ",How It Started,Cómo empezó,どのように始まったか
story.ts,storySection.texts.0.0.type,text,text,text,text
story.ts,storySection.texts.0.0.text,عندما ضربت الجائحة،,"When the pandemic hit, ","Cuando llegó la pandemia, ",パンデミックの際、
story.ts,storySection.texts.0.1.type,link,link,link,link
story.ts,storySection.texts.0.1.url,/amils-story,/amils-story,/amils-story,/amils-story
story.ts,storySection.texts.0.1.text,مؤسس فيروفي، أميل خانزادا,Virufy founder Amil Khanzada,"el fundador de Virufy, Amil Khanzada",Virufyの創設者アミル・カンザダは
story.ts,storySection.texts.0.2.type,text,text,text,text
story.ts,storySection.texts.0.2.text,كان يعلم أن الهواتف الذكية موجودة في كل مكان وأن COVID-19 يؤثر على الأنف والحلق والرئتين.," knew smartphones were omnipresent and that COVID impacted the nose, throat, and lungs.",", sabía que los teléfonos inteligentes eran omnipresentes y que el COVID afectaba la nariz, la garganta y los pulmones.",スマートフォンの普及率の高さに着目し、またコロナウイルスが鼻や喉、肺に影響を及ぼすことを認識していました。
story.ts,storySection.texts.1.0.type,text,text,text,text
story.ts,storySection.texts.1.0.text,افترض أن أصوات التنفس والسعال يمكن تحليلها باستخدام التعلم الآلي لاكتشاف أنماط كوفيد.,He hypothesized that breathing and cough sounds could be analyzed with machine learning to detect COVID patterns.,Planteó la hipótesis de que los sonidos de la respiración y la tos podrían analizarse con aprendizaje automático para detectar patrones de COVID.,そこで、呼吸音や咳の音を機械学習で分析することでコロナの規則性を検出できる、という仮定を立てました。
story.ts,storySection.texts.2.0.type,text,text,text,text
story.ts,storySection.texts.2.0.text,ورغبة منه في إحداث تأثير إيجابي، قام أميل بتنظيم دراسة سريرية شملت 362 مريضًا في مستشفى جامعي مرموق. بدأ فريق Virufy الأصلي مع طلاب خريجي الذكاء الاصطناعي في جامعة ستانفورد وتوسع ليشمل متطوعين من الجامعات على مستوى العالم.,"Wanting to make a positive impact, Amil orchestrated a clinical study with 362 patients in an esteemed university hospital. The original Virufy team started with Stanford graduate AI students and expanded to volunteers from universities globally.","Con el deseo de generar un impacto positivo, orquestó un estudio clínico con 362 pacientes en un prestigioso hospital universitario. El equipo original de Virufy, que comenzó con estudiantes graduados en IA de Stanford, se amplió a voluntarios de universidades de todo el mundo.",ポジティブな影響を与えたいという思いから、名門大学病院で362人の患者を対象にした臨床研究を主導しました。スタンフォード大学のAIを研究する大学院生から始まったVirufyの最初のチームは、世界中の大学から集まったボランティアチームにまで拡大しています。
story.ts,MissionSection.title,مهمتنا,Our Mission,Nuestra Misión,私たちの使命
story.ts,MissionSection.texts.0.0.type,text,text,text,text
story.ts,MissionSection.texts.0.0.text,"قد يتساءل البعض: ""لماذا نحن هنا؟"" و""لماذا حظيت Virufy بدعم هذا العدد الكبير من الناس؟""","Some people may be wondering, ""why are we here?"" and ""why have so many people supported Virufy?""","Algunos se preguntarán: ""¿Por qué estamos aquí?"" y ""¿Por qué tanta gente ha apoyado a Virufy?"".",「私たちの存在意義は何か？」「なぜ、これほど多くの人々がVirufyを支援してくださるのか？」そうお考えの方もいらっしゃるかもしれません。
story.ts,MissionSection.texts.1.0.type,text,text,text,text
story.ts,MissionSection.texts.1.0.text,مهمة Virufy وهدفها هو إحداث تحول في الصحة العالمية.,Virufy's mission and goal is to transform global health.,La misión y el objetivo de Virufy es transformar la salud mundial.,Virufyの使命と目標は、世界の医療に根底からの変革をもたらすことです。
story.ts,MissionSection.texts.2.0.type,text,text,text,text
story.ts,MissionSection.texts.2.0.text,نهدف إلى تمكين الجميع حول العالم من الوصول إلى تطبيق ويب قادر على كشف أمراض الجهاز التنفسي مثل كوفيد، الإنفلونزا، فيروس RSV، مرض الانسداد الرئوي المزمن (COPD)، الربو، وسرطان الرئة — في غضون ثوانٍ.,"We aim to give everyone in the world access to a web app to detect respiratory diseases like COVID, flu, RSV, COPD, asthma, lung cancer, in seconds.","Nuestro objetivo es brindar a todas las personas del mundo acceso a una aplicación web para detectar enfermedades respiratorias como la COVID-19, la gripe, el VSR, la EPOC, el asma y el cáncer de pulmón en segundos.",私たちの願いは、新型コロナウイルス、インフルエンザ、RSウイルス、COPD、喘息、肺がんといった呼吸器疾患を、誰もがウェブアプリを使い、わずか数秒で検知できるようにすること。
story.ts,MissionSection.texts.3.0.type,text,text,text,text
story.ts,MissionSection.texts.3.0.text,نرغب في تمكين مليار شخص في الدول النامية من حماية صحتهم وصحة أحبائهم.,We would like a billion people in developing nations to be empowered to protect the health of themselves and loved ones.,Queremos que mil millones de personas en países en desarrollo tengan la capacidad de proteger su salud y la de sus seres queridos.,そして、発展途上国に住む10億人の人々が、自身と大切な人の健康を守る力をその手にすることです。
story.ts,MissionSection.texts.4.0.type,text,text,text,text
story.ts,MissionSection.texts.4.0.text,فيما يلي قائمة,"Here is a listing of disclosed ","Aquí encontrará una lista de ",現在、公開されているアドバイザー一覧は
story.ts,MissionSection.texts.4.1.type,link,link,link,link
story.ts,MissionSection.texts.4.1.url,/advisors,/advisors,/advisors,/advisors
story.ts,MissionSection.texts.4.1.text,المستشارين,advisors,asesores,こちら
story.ts,MissionSection.texts.4.2.type,text,text,text,text
story.ts,MissionSection.texts.4.2.text,المُعلنين، وقد بلغ عدد المتطوعين لدينا حتى الآن أكثر من 1300 متطوع.," and we have had 1,300+ volunteers to date."," y, hasta la fecha, hemos contado con más de 1300 voluntarios.","からご覧いただけます。これまでに1,300名を超えるボランティアの方々が、この活動に参加してくださいました。"
story.ts,MissionSection.texts.5.0.type,text,text,text,text
story.ts,MissionSection.texts.5.0.text,شكرًا لكونك جزءًا من هذه المهمة. دعونا نحققها معًا.,Thank you for being part of the mission and let's make it happen.,Gracias por formar parte de esta misión. ¡Hagámoslo realidad!,私たちのミッションにご参加いただき、ありがとうございます。共に、この未来を実現させましょう。
story.ts,privacySection.title,التزامنا بالخصوصية,Commitment to Privacy,Nuestro Compromiso con la Privacidad,プライバシーへの取り組み
story.ts,privacySection.texts.0,يأخذ Virufy خصوصية وحماية معلوماتك الشخصية على محمل الجد. قام فريقنا القانوني بإعداد سياسة خصوصية مفصلة وسياسة ملفات تعريف الارتباط لحماية المعلومات الشخصية التي تشاركها معنا من خلال استخدام موقعنا.,Virufy takes the privacy and protection of your personal information seriously. Our legal team has prepared a detailed Privacy Policy and Cookie Policy to protect the personal information you share with us through use of our website.,Virufy se toma en serio la privacidad y protección de su información personal. Nuestro equipo legal ha preparado una Política de Privacidad y una Política de Cookies detalladas para proteger la información personal que comparte con nosotros a través del uso de nuestro sitio web.,Virufyは、個人情報のプライバシーと保護を真剣に考えています。私たちの法務チームは、ウェブサイトを通じて共有された個人情報を保護するため、詳細なプライバシーポリシーとクッキーポリシーを作成しました。